atom_id,atom_key,code,severity,source,path,line,column,message
ageoa.advancedvi.optimize.optimizationlooporchestration@ageoa/advancedvi/optimize/atoms.py:21,advancedvi/optimize:optimizationlooporchestration,STRUCT_WEAK_TYPES,warning,manifest_heuristics,ageoa/advancedvi/optimize/atoms.py,,,Weak public type annotations detected
ageoa.advancedvi.repgradelbo.gradient_oracle_evaluation@ageoa/advancedvi/repgradelbo/atoms.py:23,advancedvi/repgradelbo:gradient_oracle_evaluation,STRUCT_WEAK_TYPES,warning,manifest_heuristics,ageoa/advancedvi/repgradelbo/atoms.py,,,Weak public type annotations detected
ageoa.algorithms.graph.bellman_ford@ageoa/algorithms/graph.py:174,algorithms/graph:bellman_ford,STRUCT_CDG_MISSING,error,audit.py,ageoa/algorithms/graph.py,,,cdg.json not found
ageoa.algorithms.graph.bfs@ageoa/algorithms/graph.py:77,algorithms/graph:bfs,STRUCT_CDG_MISSING,error,audit.py,ageoa/algorithms/graph.py,,,cdg.json not found
ageoa.algorithms.graph.dfs@ageoa/algorithms/graph.py:110,algorithms/graph:dfs,STRUCT_CDG_MISSING,error,audit.py,ageoa/algorithms/graph.py,,,cdg.json not found
ageoa.algorithms.graph.dijkstra@ageoa/algorithms/graph.py:143,algorithms/graph:dijkstra,STRUCT_CDG_MISSING,error,audit.py,ageoa/algorithms/graph.py,,,cdg.json not found
ageoa.algorithms.graph.floyd_warshall@ageoa/algorithms/graph.py:205,algorithms/graph:floyd_warshall,STRUCT_CDG_MISSING,error,audit.py,ageoa/algorithms/graph.py,,,cdg.json not found
ageoa.algorithms.search.binary_search@ageoa/algorithms/search.py:35,algorithms/search:binary_search,STRUCT_CDG_MISSING,error,audit.py,ageoa/algorithms/search.py,,,cdg.json not found
ageoa.algorithms.search.binary_search@ageoa/algorithms/search.py:35,algorithms/search:binary_search,STRUCT_WEAK_TYPES,warning,manifest_heuristics,ageoa/algorithms/search.py,,,Weak public type annotations detected
ageoa.algorithms.search.binary_search@ageoa/algorithms/search.py:35,algorithms/search:binary_search,STRUCT_WEAK_TYPES,warning,audit.py,ageoa/algorithms/search.py,,,binary_search: param 'key' annotated as Any
ageoa.algorithms.search.hash_lookup@ageoa/algorithms/search.py:98,algorithms/search:hash_lookup,STRUCT_CDG_MISSING,error,audit.py,ageoa/algorithms/search.py,,,cdg.json not found
ageoa.algorithms.search.hash_lookup@ageoa/algorithms/search.py:98,algorithms/search:hash_lookup,STRUCT_WEAK_TYPES,warning,manifest_heuristics,ageoa/algorithms/search.py,,,Weak public type annotations detected
ageoa.algorithms.search.hash_lookup@ageoa/algorithms/search.py:98,algorithms/search:hash_lookup,STRUCT_WEAK_TYPES,warning,audit.py,ageoa/algorithms/search.py,,,hash_lookup: param 'key' annotated as Any
ageoa.algorithms.search.linear_search@ageoa/algorithms/search.py:64,algorithms/search:linear_search,STRUCT_CDG_MISSING,error,audit.py,ageoa/algorithms/search.py,,,cdg.json not found
ageoa.algorithms.search.linear_search@ageoa/algorithms/search.py:64,algorithms/search:linear_search,STRUCT_WEAK_TYPES,warning,manifest_heuristics,ageoa/algorithms/search.py,,,Weak public type annotations detected
ageoa.algorithms.search.linear_search@ageoa/algorithms/search.py:64,algorithms/search:linear_search,STRUCT_WEAK_TYPES,warning,audit.py,ageoa/algorithms/search.py,,,linear_search: param 'key' annotated as Any
ageoa.algorithms.sorting.counting_sort@ageoa/algorithms/sorting.py:109,algorithms/sorting:counting_sort,STRUCT_CDG_MISSING,error,audit.py,ageoa/algorithms/sorting.py,,,cdg.json not found
ageoa.algorithms.sorting.heapsort@ageoa/algorithms/sorting.py:73,algorithms/sorting:heapsort,STRUCT_CDG_MISSING,error,audit.py,ageoa/algorithms/sorting.py,,,cdg.json not found
ageoa.algorithms.sorting.merge_sort@ageoa/algorithms/sorting.py:29,algorithms/sorting:merge_sort,STRUCT_CDG_MISSING,error,audit.py,ageoa/algorithms/sorting.py,,,cdg.json not found
ageoa.algorithms.sorting.quicksort@ageoa/algorithms/sorting.py:51,algorithms/sorting:quicksort,STRUCT_CDG_MISSING,error,audit.py,ageoa/algorithms/sorting.py,,,cdg.json not found
ageoa.algorithms.sorting.radix_sort@ageoa/algorithms/sorting.py:146,algorithms/sorting:radix_sort,STRUCT_CDG_MISSING,error,audit.py,ageoa/algorithms/sorting.py,,,cdg.json not found
ageoa.astroflow.dedispersionkernel@ageoa/astroflow/atoms.py:23,astroflow:dedispersionkernel,STRUCT_CDG_TYPE_HEALTH_LOW,warning,type_and_isomorphism_audit.py,ageoa/astroflow/atoms.py,,,CDG type health score is 0.680
ageoa.astroflow.dedispersionkernel@ageoa/astroflow/atoms.py:23,astroflow:dedispersionkernel,STRUCT_CDG_TYPE_NON_NORMALIZED,warning,type_and_isomorphism_audit.py,ageoa/astroflow/atoms.py,,,CDG has 8 non-normalizable type descriptors
ageoa.belief_propagation.loopy_bp.initialize_message_passing_state@ageoa/belief_propagation/loopy_bp/atoms.py:23,belief_propagation/loopy_bp:initialize_message_passing_state,STRUCT_WEAK_TYPES,warning,manifest_heuristics,ageoa/belief_propagation/loopy_bp/atoms.py,,,Weak public type annotations detected
ageoa.biosppy.ecg.bandpass_filter@ageoa/biosppy/ecg.py:30,biosppy/ecg:bandpass_filter,STRUCT_CDG_INVALID,error,audit.py,ageoa/biosppy/ecg.py,,,"DAG has cycle involving 3 nodes: heart_rate_computation, peak_correction, template_extraction"
ageoa.biosppy.ecg.bandpass_filter@ageoa/biosppy/ecg.py:30,biosppy/ecg:bandpass_filter,STRUCT_CDG_INVALID,error,audit.py,ageoa/biosppy/ecg.py,,,"duplicate edge: ('bandpass_filter', 'peak_correction', 'filtered', 'filtered')"
ageoa.biosppy.ecg.bandpass_filter@ageoa/biosppy/ecg.py:30,biosppy/ecg:bandpass_filter,STRUCT_CDG_INVALID,error,audit.py,ageoa/biosppy/ecg.py,,,"duplicate edge: ('bandpass_filter', 'r_peak_detection', 'filtered', 'filtered')"
ageoa.biosppy.ecg.bandpass_filter@ageoa/biosppy/ecg.py:30,biosppy/ecg:bandpass_filter,STRUCT_CDG_INVALID,error,audit.py,ageoa/biosppy/ecg.py,,,"duplicate edge: ('bandpass_filter', 'template_extraction', 'filtered', 'filtered')"
ageoa.biosppy.ecg.bandpass_filter@ageoa/biosppy/ecg.py:30,biosppy/ecg:bandpass_filter,STRUCT_CDG_INVALID,error,audit.py,ageoa/biosppy/ecg.py,,,"duplicate edge: ('r_peak_detection', 'peak_correction', 'rpeaks', 'rpeaks')"
ageoa.biosppy.ecg.bandpass_filter@ageoa/biosppy/ecg.py:30,biosppy/ecg:bandpass_filter,STRUCT_STUB_PUBLIC_API,error,manifest_heuristics,ageoa/biosppy/ecg.py,,,Public atom raises NotImplementedError
ageoa.biosppy.ecg.bandpass_filter@ageoa/biosppy/ecg.py:30,biosppy/ecg:bandpass_filter,STRUCT_PUBLIC_KWARGS,warning,audit.py,ageoa/biosppy/ecg.py,,,bandpass_filter: @ensure uses **kwargs instead of named params
ageoa.biosppy.ecg.heart_rate_computation@ageoa/biosppy/ecg.py:103,biosppy/ecg:heart_rate_computation,STRUCT_CDG_INVALID,error,audit.py,ageoa/biosppy/ecg.py,,,"DAG has cycle involving 3 nodes: heart_rate_computation, peak_correction, template_extraction"
ageoa.biosppy.ecg.heart_rate_computation@ageoa/biosppy/ecg.py:103,biosppy/ecg:heart_rate_computation,STRUCT_CDG_INVALID,error,audit.py,ageoa/biosppy/ecg.py,,,"duplicate edge: ('bandpass_filter', 'peak_correction', 'filtered', 'filtered')"
ageoa.biosppy.ecg.heart_rate_computation@ageoa/biosppy/ecg.py:103,biosppy/ecg:heart_rate_computation,STRUCT_CDG_INVALID,error,audit.py,ageoa/biosppy/ecg.py,,,"duplicate edge: ('bandpass_filter', 'r_peak_detection', 'filtered', 'filtered')"
ageoa.biosppy.ecg.heart_rate_computation@ageoa/biosppy/ecg.py:103,biosppy/ecg:heart_rate_computation,STRUCT_CDG_INVALID,error,audit.py,ageoa/biosppy/ecg.py,,,"duplicate edge: ('bandpass_filter', 'template_extraction', 'filtered', 'filtered')"
ageoa.biosppy.ecg.heart_rate_computation@ageoa/biosppy/ecg.py:103,biosppy/ecg:heart_rate_computation,STRUCT_CDG_INVALID,error,audit.py,ageoa/biosppy/ecg.py,,,"duplicate edge: ('r_peak_detection', 'peak_correction', 'rpeaks', 'rpeaks')"
ageoa.biosppy.ecg.heart_rate_computation@ageoa/biosppy/ecg.py:103,biosppy/ecg:heart_rate_computation,STRUCT_STUB_PUBLIC_API,error,manifest_heuristics,ageoa/biosppy/ecg.py,,,Public atom raises NotImplementedError
ageoa.biosppy.ecg.heart_rate_computation@ageoa/biosppy/ecg.py:103,biosppy/ecg:heart_rate_computation,STRUCT_PUBLIC_KWARGS,warning,audit.py,ageoa/biosppy/ecg.py,,,heart_rate_computation: @ensure uses **kwargs instead of named params
ageoa.biosppy.ecg.peak_correction@ageoa/biosppy/ecg.py:64,biosppy/ecg:peak_correction,STRUCT_CDG_INVALID,error,audit.py,ageoa/biosppy/ecg.py,,,"DAG has cycle involving 3 nodes: heart_rate_computation, peak_correction, template_extraction"
ageoa.biosppy.ecg.peak_correction@ageoa/biosppy/ecg.py:64,biosppy/ecg:peak_correction,STRUCT_CDG_INVALID,error,audit.py,ageoa/biosppy/ecg.py,,,"duplicate edge: ('bandpass_filter', 'peak_correction', 'filtered', 'filtered')"
ageoa.biosppy.ecg.peak_correction@ageoa/biosppy/ecg.py:64,biosppy/ecg:peak_correction,STRUCT_CDG_INVALID,error,audit.py,ageoa/biosppy/ecg.py,,,"duplicate edge: ('bandpass_filter', 'r_peak_detection', 'filtered', 'filtered')"
ageoa.biosppy.ecg.peak_correction@ageoa/biosppy/ecg.py:64,biosppy/ecg:peak_correction,STRUCT_CDG_INVALID,error,audit.py,ageoa/biosppy/ecg.py,,,"duplicate edge: ('bandpass_filter', 'template_extraction', 'filtered', 'filtered')"
ageoa.biosppy.ecg.peak_correction@ageoa/biosppy/ecg.py:64,biosppy/ecg:peak_correction,STRUCT_CDG_INVALID,error,audit.py,ageoa/biosppy/ecg.py,,,"duplicate edge: ('r_peak_detection', 'peak_correction', 'rpeaks', 'rpeaks')"
ageoa.biosppy.ecg.peak_correction@ageoa/biosppy/ecg.py:64,biosppy/ecg:peak_correction,STRUCT_STUB_PUBLIC_API,error,manifest_heuristics,ageoa/biosppy/ecg.py,,,Public atom raises NotImplementedError
ageoa.biosppy.ecg.peak_correction@ageoa/biosppy/ecg.py:64,biosppy/ecg:peak_correction,STRUCT_PUBLIC_KWARGS,warning,audit.py,ageoa/biosppy/ecg.py,,,peak_correction: @ensure uses **kwargs instead of named params
ageoa.biosppy.ecg.r_peak_detection@ageoa/biosppy/ecg.py:46,biosppy/ecg:r_peak_detection,STRUCT_CDG_INVALID,error,audit.py,ageoa/biosppy/ecg.py,,,"DAG has cycle involving 3 nodes: heart_rate_computation, peak_correction, template_extraction"
ageoa.biosppy.ecg.r_peak_detection@ageoa/biosppy/ecg.py:46,biosppy/ecg:r_peak_detection,STRUCT_CDG_INVALID,error,audit.py,ageoa/biosppy/ecg.py,,,"duplicate edge: ('bandpass_filter', 'peak_correction', 'filtered', 'filtered')"
ageoa.biosppy.ecg.r_peak_detection@ageoa/biosppy/ecg.py:46,biosppy/ecg:r_peak_detection,STRUCT_CDG_INVALID,error,audit.py,ageoa/biosppy/ecg.py,,,"duplicate edge: ('bandpass_filter', 'r_peak_detection', 'filtered', 'filtered')"
ageoa.biosppy.ecg.r_peak_detection@ageoa/biosppy/ecg.py:46,biosppy/ecg:r_peak_detection,STRUCT_CDG_INVALID,error,audit.py,ageoa/biosppy/ecg.py,,,"duplicate edge: ('bandpass_filter', 'template_extraction', 'filtered', 'filtered')"
ageoa.biosppy.ecg.r_peak_detection@ageoa/biosppy/ecg.py:46,biosppy/ecg:r_peak_detection,STRUCT_CDG_INVALID,error,audit.py,ageoa/biosppy/ecg.py,,,"duplicate edge: ('r_peak_detection', 'peak_correction', 'rpeaks', 'rpeaks')"
ageoa.biosppy.ecg.r_peak_detection@ageoa/biosppy/ecg.py:46,biosppy/ecg:r_peak_detection,STRUCT_STUB_PUBLIC_API,error,manifest_heuristics,ageoa/biosppy/ecg.py,,,Public atom raises NotImplementedError
ageoa.biosppy.ecg.r_peak_detection@ageoa/biosppy/ecg.py:46,biosppy/ecg:r_peak_detection,STRUCT_PUBLIC_KWARGS,warning,audit.py,ageoa/biosppy/ecg.py,,,r_peak_detection: @ensure uses **kwargs instead of named params
ageoa.biosppy.ecg.template_extraction@ageoa/biosppy/ecg.py:84,biosppy/ecg:template_extraction,STRUCT_CDG_INVALID,error,audit.py,ageoa/biosppy/ecg.py,,,"DAG has cycle involving 3 nodes: heart_rate_computation, peak_correction, template_extraction"
ageoa.biosppy.ecg.template_extraction@ageoa/biosppy/ecg.py:84,biosppy/ecg:template_extraction,STRUCT_CDG_INVALID,error,audit.py,ageoa/biosppy/ecg.py,,,"duplicate edge: ('bandpass_filter', 'peak_correction', 'filtered', 'filtered')"
ageoa.biosppy.ecg.template_extraction@ageoa/biosppy/ecg.py:84,biosppy/ecg:template_extraction,STRUCT_CDG_INVALID,error,audit.py,ageoa/biosppy/ecg.py,,,"duplicate edge: ('bandpass_filter', 'r_peak_detection', 'filtered', 'filtered')"
ageoa.biosppy.ecg.template_extraction@ageoa/biosppy/ecg.py:84,biosppy/ecg:template_extraction,STRUCT_CDG_INVALID,error,audit.py,ageoa/biosppy/ecg.py,,,"duplicate edge: ('bandpass_filter', 'template_extraction', 'filtered', 'filtered')"
ageoa.biosppy.ecg.template_extraction@ageoa/biosppy/ecg.py:84,biosppy/ecg:template_extraction,STRUCT_CDG_INVALID,error,audit.py,ageoa/biosppy/ecg.py,,,"duplicate edge: ('r_peak_detection', 'peak_correction', 'rpeaks', 'rpeaks')"
ageoa.biosppy.ecg.template_extraction@ageoa/biosppy/ecg.py:84,biosppy/ecg:template_extraction,STRUCT_STUB_PUBLIC_API,error,manifest_heuristics,ageoa/biosppy/ecg.py,,,Public atom raises NotImplementedError
ageoa.biosppy.ecg.template_extraction@ageoa/biosppy/ecg.py:84,biosppy/ecg:template_extraction,STRUCT_PUBLIC_KWARGS,warning,audit.py,ageoa/biosppy/ecg.py,,,template_extraction: @ensure uses **kwargs instead of named params
ageoa.biosppy.ecg_asi.thresholdbasedsignalsegmentation@ageoa/biosppy/ecg_asi/atoms.py:18,biosppy/ecg_asi:thresholdbasedsignalsegmentation,STRUCT_WITNESS_PLACEHOLDER,warning,manifest_heuristics,ageoa/biosppy/ecg_asi/atoms.py,,,register_atom uses a placeholder witness
ageoa.biosppy.ecg_asi_d12.asi_signal_segmenter@ageoa/biosppy/ecg_asi_d12/atoms.py:18,biosppy/ecg_asi_d12:asi_signal_segmenter,STRUCT_CDG_TYPE_HEALTH_LOW,warning,type_and_isomorphism_audit.py,ageoa/biosppy/ecg_asi_d12/atoms.py,,,CDG type health score is 0.391
ageoa.biosppy.ecg_asi_d12.asi_signal_segmenter@ageoa/biosppy/ecg_asi_d12/atoms.py:18,biosppy/ecg_asi_d12:asi_signal_segmenter,STRUCT_CDG_TYPE_NON_NORMALIZED,warning,type_and_isomorphism_audit.py,ageoa/biosppy/ecg_asi_d12/atoms.py,,,CDG has 14 non-normalizable type descriptors
ageoa.biosppy.ecg_christov_d12.christov_qrs_segmenter@ageoa/biosppy/ecg_christov_d12/atoms.py:17,biosppy/ecg_christov_d12:christov_qrs_segmenter,STRUCT_CDG_TYPE_HEALTH_LOW,warning,type_and_isomorphism_audit.py,ageoa/biosppy/ecg_christov_d12/atoms.py,,,CDG type health score is 0.300
ageoa.biosppy.ecg_christov_d12.christov_qrs_segmenter@ageoa/biosppy/ecg_christov_d12/atoms.py:17,biosppy/ecg_christov_d12:christov_qrs_segmenter,STRUCT_CDG_TYPE_NON_NORMALIZED,warning,type_and_isomorphism_audit.py,ageoa/biosppy/ecg_christov_d12/atoms.py,,,CDG has 42 non-normalizable type descriptors
ageoa.biosppy.ecg_engzee_d12.engzee_qrs_segmentation@ageoa/biosppy/ecg_engzee_d12/atoms.py:16,biosppy/ecg_engzee_d12:engzee_qrs_segmentation,STRUCT_CDG_TYPE_HEALTH_LOW,warning,type_and_isomorphism_audit.py,ageoa/biosppy/ecg_engzee_d12/atoms.py,,,CDG type health score is 0.667
ageoa.biosppy.ecg_engzee_d12.engzee_qrs_segmentation@ageoa/biosppy/ecg_engzee_d12/atoms.py:16,biosppy/ecg_engzee_d12:engzee_qrs_segmentation,STRUCT_CDG_TYPE_NON_NORMALIZED,warning,type_and_isomorphism_audit.py,ageoa/biosppy/ecg_engzee_d12/atoms.py,,,CDG has 25 non-normalizable type descriptors
ageoa.biosppy.ecg_gamboa_d12.gamboa_segmenter@ageoa/biosppy/ecg_gamboa_d12/atoms.py:16,biosppy/ecg_gamboa_d12:gamboa_segmenter,STRUCT_CDG_TYPE_HEALTH_LOW,warning,type_and_isomorphism_audit.py,ageoa/biosppy/ecg_gamboa_d12/atoms.py,,,CDG type health score is 0.435
ageoa.biosppy.ecg_gamboa_d12.gamboa_segmenter@ageoa/biosppy/ecg_gamboa_d12/atoms.py:16,biosppy/ecg_gamboa_d12:gamboa_segmenter,STRUCT_CDG_TYPE_NON_NORMALIZED,warning,type_and_isomorphism_audit.py,ageoa/biosppy/ecg_gamboa_d12/atoms.py,,,CDG has 13 non-normalizable type descriptors
ageoa.biosppy.ecg_hamilton_d12.hamilton_segmenter@ageoa/biosppy/ecg_hamilton_d12/atoms.py:18,biosppy/ecg_hamilton_d12:hamilton_segmenter,STRUCT_CDG_TYPE_HEALTH_LOW,warning,type_and_isomorphism_audit.py,ageoa/biosppy/ecg_hamilton_d12/atoms.py,,,CDG type health score is 0.500
ageoa.biosppy.ecg_hamilton_d12.hamilton_segmenter@ageoa/biosppy/ecg_hamilton_d12/atoms.py:18,biosppy/ecg_hamilton_d12:hamilton_segmenter,STRUCT_CDG_TYPE_NON_NORMALIZED,warning,type_and_isomorphism_audit.py,ageoa/biosppy/ecg_hamilton_d12/atoms.py,,,CDG has 26 non-normalizable type descriptors
ageoa.biosppy.ecg_zz2018_d12.assemblezz2018sqi@ageoa/biosppy/ecg_zz2018_d12/atoms.py:77,biosppy/ecg_zz2018_d12:assemblezz2018sqi,STRUCT_CDG_TYPE_HEALTH_LOW,warning,type_and_isomorphism_audit.py,ageoa/biosppy/ecg_zz2018_d12/atoms.py,,,CDG type health score is 0.785
ageoa.biosppy.ecg_zz2018_d12.assemblezz2018sqi@ageoa/biosppy/ecg_zz2018_d12/atoms.py:77,biosppy/ecg_zz2018_d12:assemblezz2018sqi,STRUCT_CDG_TYPE_NON_NORMALIZED,warning,type_and_isomorphism_audit.py,ageoa/biosppy/ecg_zz2018_d12/atoms.py,,,CDG has 14 non-normalizable type descriptors
ageoa.biosppy.ecg_zz2018_d12.assemblezz2018sqi@ageoa/biosppy/ecg_zz2018_d12/atoms.py:77,biosppy/ecg_zz2018_d12:assemblezz2018sqi,STRUCT_WEAK_TYPES,warning,manifest_heuristics,ageoa/biosppy/ecg_zz2018_d12/atoms.py,,,Weak public type annotations detected
ageoa.biosppy.ecg_zz2018_d12.computebeatagreementsqi@ageoa/biosppy/ecg_zz2018_d12/atoms.py:20,biosppy/ecg_zz2018_d12:computebeatagreementsqi,STRUCT_CDG_TYPE_HEALTH_LOW,warning,type_and_isomorphism_audit.py,ageoa/biosppy/ecg_zz2018_d12/atoms.py,,,CDG type health score is 0.785
ageoa.biosppy.ecg_zz2018_d12.computebeatagreementsqi@ageoa/biosppy/ecg_zz2018_d12/atoms.py:20,biosppy/ecg_zz2018_d12:computebeatagreementsqi,STRUCT_CDG_TYPE_NON_NORMALIZED,warning,type_and_isomorphism_audit.py,ageoa/biosppy/ecg_zz2018_d12/atoms.py,,,CDG has 14 non-normalizable type descriptors
ageoa.biosppy.ecg_zz2018_d12.computebeatagreementsqi@ageoa/biosppy/ecg_zz2018_d12/atoms.py:20,biosppy/ecg_zz2018_d12:computebeatagreementsqi,STRUCT_WEAK_TYPES,warning,manifest_heuristics,ageoa/biosppy/ecg_zz2018_d12/atoms.py,,,Weak public type annotations detected
ageoa.biosppy.ecg_zz2018_d12.computefrequencysqi@ageoa/biosppy/ecg_zz2018_d12/atoms.py:38,biosppy/ecg_zz2018_d12:computefrequencysqi,STRUCT_CDG_TYPE_HEALTH_LOW,warning,type_and_isomorphism_audit.py,ageoa/biosppy/ecg_zz2018_d12/atoms.py,,,CDG type health score is 0.785
ageoa.biosppy.ecg_zz2018_d12.computefrequencysqi@ageoa/biosppy/ecg_zz2018_d12/atoms.py:38,biosppy/ecg_zz2018_d12:computefrequencysqi,STRUCT_CDG_TYPE_NON_NORMALIZED,warning,type_and_isomorphism_audit.py,ageoa/biosppy/ecg_zz2018_d12/atoms.py,,,CDG has 14 non-normalizable type descriptors
ageoa.biosppy.ecg_zz2018_d12.computefrequencysqi@ageoa/biosppy/ecg_zz2018_d12/atoms.py:38,biosppy/ecg_zz2018_d12:computefrequencysqi,STRUCT_WEAK_TYPES,warning,manifest_heuristics,ageoa/biosppy/ecg_zz2018_d12/atoms.py,,,Weak public type annotations detected
ageoa.biosppy.ecg_zz2018_d12.computekurtosissqi@ageoa/biosppy/ecg_zz2018_d12/atoms.py:58,biosppy/ecg_zz2018_d12:computekurtosissqi,STRUCT_CDG_TYPE_HEALTH_LOW,warning,type_and_isomorphism_audit.py,ageoa/biosppy/ecg_zz2018_d12/atoms.py,,,CDG type health score is 0.785
ageoa.biosppy.ecg_zz2018_d12.computekurtosissqi@ageoa/biosppy/ecg_zz2018_d12/atoms.py:58,biosppy/ecg_zz2018_d12:computekurtosissqi,STRUCT_CDG_TYPE_NON_NORMALIZED,warning,type_and_isomorphism_audit.py,ageoa/biosppy/ecg_zz2018_d12/atoms.py,,,CDG has 14 non-normalizable type descriptors
ageoa.biosppy.ecg_zz2018_d12.computekurtosissqi@ageoa/biosppy/ecg_zz2018_d12/atoms.py:58,biosppy/ecg_zz2018_d12:computekurtosissqi,STRUCT_WEAK_TYPES,warning,manifest_heuristics,ageoa/biosppy/ecg_zz2018_d12/atoms.py,,,Weak public type annotations detected
ageoa.biosppy.emg_solnik_d12.solnik_onset_detect@ageoa/biosppy/emg_solnik_d12/atoms.py:19,biosppy/emg_solnik_d12:solnik_onset_detect,STRUCT_CDG_TYPE_HEALTH_LOW,warning,type_and_isomorphism_audit.py,ageoa/biosppy/emg_solnik_d12/atoms.py,,,CDG type health score is 0.462
ageoa.biosppy.emg_solnik_d12.solnik_onset_detect@ageoa/biosppy/emg_solnik_d12/atoms.py:19,biosppy/emg_solnik_d12:solnik_onset_detect,STRUCT_CDG_TYPE_NON_NORMALIZED,warning,type_and_isomorphism_audit.py,ageoa/biosppy/emg_solnik_d12/atoms.py,,,CDG has 14 non-normalizable type descriptors
ageoa.biosppy.online_filter.filterstateinit@ageoa/biosppy/online_filter/atoms.py:24,biosppy/online_filter:filterstateinit,STRUCT_CDG_TYPE_HEALTH_LOW,warning,type_and_isomorphism_audit.py,ageoa/biosppy/online_filter/atoms.py,,,CDG type health score is 0.273
ageoa.biosppy.online_filter.filterstateinit@ageoa/biosppy/online_filter/atoms.py:24,biosppy/online_filter:filterstateinit,STRUCT_CDG_TYPE_NON_NORMALIZED,warning,type_and_isomorphism_audit.py,ageoa/biosppy/online_filter/atoms.py,,,CDG has 8 non-normalizable type descriptors
ageoa.biosppy.online_filter.filterstep@ageoa/biosppy/online_filter/atoms.py:54,biosppy/online_filter:filterstep,STRUCT_CDG_TYPE_HEALTH_LOW,warning,type_and_isomorphism_audit.py,ageoa/biosppy/online_filter/atoms.py,,,CDG type health score is 0.273
ageoa.biosppy.online_filter.filterstep@ageoa/biosppy/online_filter/atoms.py:54,biosppy/online_filter:filterstep,STRUCT_CDG_TYPE_NON_NORMALIZED,warning,type_and_isomorphism_audit.py,ageoa/biosppy/online_filter/atoms.py,,,CDG has 8 non-normalizable type descriptors
ageoa.biosppy.online_filter_codex.filterstateinit@ageoa/biosppy/online_filter_codex/atoms.py:24,biosppy/online_filter_codex:filterstateinit,STRUCT_CDG_TYPE_HEALTH_LOW,warning,type_and_isomorphism_audit.py,ageoa/biosppy/online_filter_codex/atoms.py,,,CDG type health score is 0.273
ageoa.biosppy.online_filter_codex.filterstateinit@ageoa/biosppy/online_filter_codex/atoms.py:24,biosppy/online_filter_codex:filterstateinit,STRUCT_CDG_TYPE_NON_NORMALIZED,warning,type_and_isomorphism_audit.py,ageoa/biosppy/online_filter_codex/atoms.py,,,CDG has 8 non-normalizable type descriptors
ageoa.biosppy.online_filter_codex.filterstep@ageoa/biosppy/online_filter_codex/atoms.py:54,biosppy/online_filter_codex:filterstep,STRUCT_CDG_TYPE_HEALTH_LOW,warning,type_and_isomorphism_audit.py,ageoa/biosppy/online_filter_codex/atoms.py,,,CDG type health score is 0.273
ageoa.biosppy.online_filter_codex.filterstep@ageoa/biosppy/online_filter_codex/atoms.py:54,biosppy/online_filter_codex:filterstep,STRUCT_CDG_TYPE_NON_NORMALIZED,warning,type_and_isomorphism_audit.py,ageoa/biosppy/online_filter_codex/atoms.py,,,CDG has 8 non-normalizable type descriptors
ageoa.biosppy.online_filter_v2.filterstateinit@ageoa/biosppy/online_filter_v2/atoms.py:24,biosppy/online_filter_v2:filterstateinit,STRUCT_CDG_TYPE_HEALTH_LOW,warning,type_and_isomorphism_audit.py,ageoa/biosppy/online_filter_v2/atoms.py,,,CDG type health score is 0.273
ageoa.biosppy.online_filter_v2.filterstateinit@ageoa/biosppy/online_filter_v2/atoms.py:24,biosppy/online_filter_v2:filterstateinit,STRUCT_CDG_TYPE_NON_NORMALIZED,warning,type_and_isomorphism_audit.py,ageoa/biosppy/online_filter_v2/atoms.py,,,CDG has 8 non-normalizable type descriptors
ageoa.biosppy.online_filter_v2.filterstep@ageoa/biosppy/online_filter_v2/atoms.py:54,biosppy/online_filter_v2:filterstep,STRUCT_CDG_TYPE_HEALTH_LOW,warning,type_and_isomorphism_audit.py,ageoa/biosppy/online_filter_v2/atoms.py,,,CDG type health score is 0.273
ageoa.biosppy.online_filter_v2.filterstep@ageoa/biosppy/online_filter_v2/atoms.py:54,biosppy/online_filter_v2:filterstep,STRUCT_CDG_TYPE_NON_NORMALIZED,warning,type_and_isomorphism_audit.py,ageoa/biosppy/online_filter_v2/atoms.py,,,CDG has 8 non-normalizable type descriptors
ageoa.biosppy.pcg_homomorphic_d12.homomorphicfilter@ageoa/biosppy/pcg_homomorphic_d12/atoms.py:17,biosppy/pcg_homomorphic_d12:homomorphicfilter,STRUCT_CDG_TYPE_HEALTH_LOW,warning,type_and_isomorphism_audit.py,ageoa/biosppy/pcg_homomorphic_d12/atoms.py,,,CDG type health score is 0.312
ageoa.biosppy.pcg_homomorphic_d12.homomorphicfilter@ageoa/biosppy/pcg_homomorphic_d12/atoms.py:17,biosppy/pcg_homomorphic_d12:homomorphicfilter,STRUCT_CDG_TYPE_NON_NORMALIZED,warning,type_and_isomorphism_audit.py,ageoa/biosppy/pcg_homomorphic_d12/atoms.py,,,CDG has 11 non-normalizable type descriptors
ageoa.biosppy.svm_proc.cross_validation@ageoa/biosppy/svm_proc/atoms.py:262,biosppy/svm_proc:cross_validation,STRUCT_WEAK_TYPES,warning,manifest_heuristics,ageoa/biosppy/svm_proc/atoms.py,,,Weak public type annotations detected
ageoa.biosppy.svm_proc.get_subject_results@ageoa/biosppy/svm_proc/atoms.py:74,biosppy/svm_proc:get_subject_results,STRUCT_WEAK_TYPES,warning,manifest_heuristics,ageoa/biosppy/svm_proc/atoms.py,,,Weak public type annotations detected
ageoa.conjugate_priors.normal.normal_gamma_posterior_update@ageoa/conjugate_priors/normal/atoms.py:20,conjugate_priors/normal:normal_gamma_posterior_update,STRUCT_WEAK_TYPES,warning,manifest_heuristics,ageoa/conjugate_priors/normal/atoms.py,,,Weak public type annotations detected
ageoa.e2e_ppg.gan_rec_d12.gan_reconstruction@ageoa/e2e_ppg/gan_rec_d12/atoms.py:16,e2e_ppg/gan_rec_d12:gan_reconstruction,STRUCT_CDG_TYPE_NON_NORMALIZED,warning,type_and_isomorphism_audit.py,ageoa/e2e_ppg/gan_rec_d12/atoms.py,,,CDG has 2 non-normalizable type descriptors
ageoa.e2e_ppg.heart_cycle_d12.heart_cycle_detection@ageoa/e2e_ppg/heart_cycle_d12/atoms.py:16,e2e_ppg/heart_cycle_d12:heart_cycle_detection,STRUCT_CDG_TYPE_HEALTH_LOW,warning,type_and_isomorphism_audit.py,ageoa/e2e_ppg/heart_cycle_d12/atoms.py,,,CDG type health score is 0.350
ageoa.e2e_ppg.heart_cycle_d12.heart_cycle_detection@ageoa/e2e_ppg/heart_cycle_d12/atoms.py:16,e2e_ppg/heart_cycle_d12:heart_cycle_detection,STRUCT_CDG_TYPE_NON_NORMALIZED,warning,type_and_isomorphism_audit.py,ageoa/e2e_ppg/heart_cycle_d12/atoms.py,,,CDG has 13 non-normalizable type descriptors
ageoa.e2e_ppg.kazemi_wrapper_d12.normalizesignal@ageoa/e2e_ppg/kazemi_wrapper_d12/atoms.py:16,e2e_ppg/kazemi_wrapper_d12:normalizesignal,STRUCT_CDG_TYPE_HEALTH_LOW,warning,type_and_isomorphism_audit.py,ageoa/e2e_ppg/kazemi_wrapper_d12/atoms.py,,,CDG type health score is 0.000
ageoa.e2e_ppg.kazemi_wrapper_d12.normalizesignal@ageoa/e2e_ppg/kazemi_wrapper_d12/atoms.py:16,e2e_ppg/kazemi_wrapper_d12:normalizesignal,STRUCT_CDG_TYPE_NON_NORMALIZED,warning,type_and_isomorphism_audit.py,ageoa/e2e_ppg/kazemi_wrapper_d12/atoms.py,,,CDG has 17 non-normalizable type descriptors
ageoa.e2e_ppg.kazemi_wrapper_d12.wrapperevaluate@ageoa/e2e_ppg/kazemi_wrapper_d12/atoms.py:33,e2e_ppg/kazemi_wrapper_d12:wrapperevaluate,STRUCT_CDG_TYPE_HEALTH_LOW,warning,type_and_isomorphism_audit.py,ageoa/e2e_ppg/kazemi_wrapper_d12/atoms.py,,,CDG type health score is 0.000
ageoa.e2e_ppg.kazemi_wrapper_d12.wrapperevaluate@ageoa/e2e_ppg/kazemi_wrapper_d12/atoms.py:33,e2e_ppg/kazemi_wrapper_d12:wrapperevaluate,STRUCT_CDG_TYPE_NON_NORMALIZED,warning,type_and_isomorphism_audit.py,ageoa/e2e_ppg/kazemi_wrapper_d12/atoms.py,,,CDG has 17 non-normalizable type descriptors
ageoa.e2e_ppg.template_matching.templatefeaturecomputation@ageoa/e2e_ppg/template_matching/atoms.py:17,e2e_ppg/template_matching:templatefeaturecomputation,STRUCT_WEAK_TYPES,warning,manifest_heuristics,ageoa/e2e_ppg/template_matching/atoms.py,,,Weak public type annotations detected
ageoa.institutional_quant_engine.almgren_chriss.computeoptimaltrajectory@ageoa/institutional_quant_engine/almgren_chriss/atoms.py:18,institutional_quant_engine/almgren_chriss:computeoptimaltrajectory,STRUCT_WEAK_TYPES,warning,manifest_heuristics,ageoa/institutional_quant_engine/almgren_chriss/atoms.py,,,Weak public type annotations detected
ageoa.institutional_quant_engine.almgren_chriss_v2.optimalexecutiontrajectory@ageoa/institutional_quant_engine/almgren_chriss_v2/atoms.py:31,institutional_quant_engine/almgren_chriss_v2:optimalexecutiontrajectory,STRUCT_CDG_TYPE_HEALTH_LOW,warning,type_and_isomorphism_audit.py,ageoa/institutional_quant_engine/almgren_chriss_v2/atoms.py,,,CDG type health score is 0.333
ageoa.institutional_quant_engine.almgren_chriss_v2.optimalexecutiontrajectory@ageoa/institutional_quant_engine/almgren_chriss_v2/atoms.py:31,institutional_quant_engine/almgren_chriss_v2:optimalexecutiontrajectory,STRUCT_CDG_TYPE_NON_NORMALIZED,warning,type_and_isomorphism_audit.py,ageoa/institutional_quant_engine/almgren_chriss_v2/atoms.py,,,CDG has 4 non-normalizable type descriptors
ageoa.institutional_quant_engine.almgren_chriss_v2.riskaversioninit@ageoa/institutional_quant_engine/almgren_chriss_v2/atoms.py:16,institutional_quant_engine/almgren_chriss_v2:riskaversioninit,STRUCT_CDG_TYPE_HEALTH_LOW,warning,type_and_isomorphism_audit.py,ageoa/institutional_quant_engine/almgren_chriss_v2/atoms.py,,,CDG type health score is 0.333
ageoa.institutional_quant_engine.almgren_chriss_v2.riskaversioninit@ageoa/institutional_quant_engine/almgren_chriss_v2/atoms.py:16,institutional_quant_engine/almgren_chriss_v2:riskaversioninit,STRUCT_CDG_TYPE_NON_NORMALIZED,warning,type_and_isomorphism_audit.py,ageoa/institutional_quant_engine/almgren_chriss_v2/atoms.py,,,CDG has 4 non-normalizable type descriptors
ageoa.institutional_quant_engine.avellaneda_stoikov_d12.marketmakerstateinit@ageoa/institutional_quant_engine/avellaneda_stoikov_d12/atoms.py:16,institutional_quant_engine/avellaneda_stoikov_d12:marketmakerstateinit,STRUCT_CDG_TYPE_HEALTH_LOW,warning,type_and_isomorphism_audit.py,ageoa/institutional_quant_engine/avellaneda_stoikov_d12/atoms.py,,,CDG type health score is 0.062
ageoa.institutional_quant_engine.avellaneda_stoikov_d12.marketmakerstateinit@ageoa/institutional_quant_engine/avellaneda_stoikov_d12/atoms.py:16,institutional_quant_engine/avellaneda_stoikov_d12:marketmakerstateinit,STRUCT_CDG_TYPE_NON_NORMALIZED,warning,type_and_isomorphism_audit.py,ageoa/institutional_quant_engine/avellaneda_stoikov_d12/atoms.py,,,CDG has 15 non-normalizable type descriptors
ageoa.institutional_quant_engine.avellaneda_stoikov_d12.optimalquotecalculation@ageoa/institutional_quant_engine/avellaneda_stoikov_d12/atoms.py:43,institutional_quant_engine/avellaneda_stoikov_d12:optimalquotecalculation,STRUCT_CDG_TYPE_HEALTH_LOW,warning,type_and_isomorphism_audit.py,ageoa/institutional_quant_engine/avellaneda_stoikov_d12/atoms.py,,,CDG type health score is 0.062
ageoa.institutional_quant_engine.avellaneda_stoikov_d12.optimalquotecalculation@ageoa/institutional_quant_engine/avellaneda_stoikov_d12/atoms.py:43,institutional_quant_engine/avellaneda_stoikov_d12:optimalquotecalculation,STRUCT_CDG_TYPE_NON_NORMALIZED,warning,type_and_isomorphism_audit.py,ageoa/institutional_quant_engine/avellaneda_stoikov_d12/atoms.py,,,CDG has 15 non-normalizable type descriptors
ageoa.institutional_quant_engine.hawkes_process_d12.hawkesprocesssimulator@ageoa/institutional_quant_engine/hawkes_process_d12/atoms.py:18,institutional_quant_engine/hawkes_process_d12:hawkesprocesssimulator,STRUCT_CDG_TYPE_HEALTH_LOW,warning,type_and_isomorphism_audit.py,ageoa/institutional_quant_engine/hawkes_process_d12/atoms.py,,,CDG type health score is 0.600
ageoa.institutional_quant_engine.hawkes_process_d12.hawkesprocesssimulator@ageoa/institutional_quant_engine/hawkes_process_d12/atoms.py:18,institutional_quant_engine/hawkes_process_d12:hawkesprocesssimulator,STRUCT_CDG_TYPE_NON_NORMALIZED,warning,type_and_isomorphism_audit.py,ageoa/institutional_quant_engine/hawkes_process_d12/atoms.py,,,CDG has 2 non-normalizable type descriptors
ageoa.institutional_quant_engine.kalman_filter.kalmanfilterinit@ageoa/institutional_quant_engine/kalman_filter/atoms.py:28,institutional_quant_engine/kalman_filter:kalmanfilterinit,STRUCT_CDG_TYPE_HEALTH_LOW,warning,type_and_isomorphism_audit.py,ageoa/institutional_quant_engine/kalman_filter/atoms.py,,,CDG type health score is 0.643
ageoa.institutional_quant_engine.kalman_filter.kalmanfilterinit@ageoa/institutional_quant_engine/kalman_filter/atoms.py:28,institutional_quant_engine/kalman_filter:kalmanfilterinit,STRUCT_CDG_TYPE_NON_NORMALIZED,warning,type_and_isomorphism_audit.py,ageoa/institutional_quant_engine/kalman_filter/atoms.py,,,CDG has 5 non-normalizable type descriptors
ageoa.institutional_quant_engine.kalman_filter.kalmanmeasurementupdate@ageoa/institutional_quant_engine/kalman_filter/atoms.py:65,institutional_quant_engine/kalman_filter:kalmanmeasurementupdate,STRUCT_CDG_TYPE_HEALTH_LOW,warning,type_and_isomorphism_audit.py,ageoa/institutional_quant_engine/kalman_filter/atoms.py,,,CDG type health score is 0.643
ageoa.institutional_quant_engine.kalman_filter.kalmanmeasurementupdate@ageoa/institutional_quant_engine/kalman_filter/atoms.py:65,institutional_quant_engine/kalman_filter:kalmanmeasurementupdate,STRUCT_CDG_TYPE_NON_NORMALIZED,warning,type_and_isomorphism_audit.py,ageoa/institutional_quant_engine/kalman_filter/atoms.py,,,CDG has 5 non-normalizable type descriptors
ageoa.institutional_quant_engine.order_flow_imbalance.orderflowimbalanceevaluation@ageoa/institutional_quant_engine/order_flow_imbalance/atoms.py:17,institutional_quant_engine/order_flow_imbalance:orderflowimbalanceevaluation,STRUCT_WEAK_TYPES,warning,manifest_heuristics,ageoa/institutional_quant_engine/order_flow_imbalance/atoms.py,,,Weak public type annotations detected
ageoa.institutional_quant_engine.pin_model.pinlikelihoodevaluation@ageoa/institutional_quant_engine/pin_model/atoms.py:18,institutional_quant_engine/pin_model:pinlikelihoodevaluation,STRUCT_WEAK_TYPES,warning,manifest_heuristics,ageoa/institutional_quant_engine/pin_model/atoms.py,,,Weak public type annotations detected
ageoa.institutional_quant_engine.pin_model_d12.pinlikelihoodevaluator@ageoa/institutional_quant_engine/pin_model_d12/atoms.py:16,institutional_quant_engine/pin_model_d12:pinlikelihoodevaluator,STRUCT_CDG_TYPE_HEALTH_LOW,warning,type_and_isomorphism_audit.py,ageoa/institutional_quant_engine/pin_model_d12/atoms.py,,,CDG type health score is 0.750
ageoa.institutional_quant_engine.pin_model_d12.pinlikelihoodevaluator@ageoa/institutional_quant_engine/pin_model_d12/atoms.py:16,institutional_quant_engine/pin_model_d12:pinlikelihoodevaluator,STRUCT_CDG_TYPE_NON_NORMALIZED,warning,type_and_isomorphism_audit.py,ageoa/institutional_quant_engine/pin_model_d12/atoms.py,,,CDG has 1 non-normalizable type descriptors
ageoa.jFOF.find_fof_clusters@ageoa/jFOF/atoms.py:21,jFOF:find_fof_clusters,STRUCT_CDG_TYPE_HEALTH_LOW,warning,type_and_isomorphism_audit.py,ageoa/jFOF/atoms.py,,,CDG type health score is 0.143
ageoa.jFOF.find_fof_clusters@ageoa/jFOF/atoms.py:21,jFOF:find_fof_clusters,STRUCT_CDG_TYPE_NON_NORMALIZED,warning,type_and_isomorphism_audit.py,ageoa/jFOF/atoms.py,,,CDG has 6 non-normalizable type descriptors
ageoa.jFOF.topo.topological_loss_computation@ageoa/jFOF/topo/atoms.py:19,jFOF/topo:topological_loss_computation,STRUCT_CDG_TYPE_NON_NORMALIZED,warning,type_and_isomorphism_audit.py,ageoa/jFOF/topo/atoms.py,,,CDG has 1 non-normalizable type descriptors
ageoa.jax_advi.optimize_advi.meanfieldvariationalfit@ageoa/jax_advi/optimize_advi/atoms.py:22,jax_advi/optimize_advi:meanfieldvariationalfit,STRUCT_WEAK_TYPES,warning,manifest_heuristics,ageoa/jax_advi/optimize_advi/atoms.py,,,Weak public type annotations detected
ageoa.kalman_filters.filter_rs.evaluatemeasurementoracle@ageoa/kalman_filters/filter_rs/atoms.py:90,kalman_filters/filter_rs:evaluatemeasurementoracle,STRUCT_WEAK_TYPES,warning,manifest_heuristics,ageoa/kalman_filters/filter_rs/atoms.py,,,Weak public type annotations detected
ageoa.kalman_filters.filter_rs.initializekalmanstatemodel@ageoa/kalman_filters/filter_rs/atoms.py:19,kalman_filters/filter_rs:initializekalmanstatemodel,STRUCT_WEAK_TYPES,warning,manifest_heuristics,ageoa/kalman_filters/filter_rs/atoms.py,,,Weak public type annotations detected
ageoa.kalman_filters.filter_rs.predictlatentstateandcovariance@ageoa/kalman_filters/filter_rs/atoms.py:39,kalman_filters/filter_rs:predictlatentstateandcovariance,STRUCT_WEAK_TYPES,warning,manifest_heuristics,ageoa/kalman_filters/filter_rs/atoms.py,,,Weak public type annotations detected
ageoa.kalman_filters.filter_rs.predictlatentstatesteadystate@ageoa/kalman_filters/filter_rs/atoms.py:67,kalman_filters/filter_rs:predictlatentstatesteadystate,STRUCT_WEAK_TYPES,warning,manifest_heuristics,ageoa/kalman_filters/filter_rs/atoms.py,,,Weak public type annotations detected
ageoa.kalman_filters.filter_rs.updateposteriorstateandcovariance@ageoa/kalman_filters/filter_rs/atoms.py:116,kalman_filters/filter_rs:updateposteriorstateandcovariance,STRUCT_WEAK_TYPES,warning,manifest_heuristics,ageoa/kalman_filters/filter_rs/atoms.py,,,Weak public type annotations detected
ageoa.kalman_filters.filter_rs.updateposteriorstatesteadystate@ageoa/kalman_filters/filter_rs/atoms.py:146,kalman_filters/filter_rs:updateposteriorstatesteadystate,STRUCT_WEAK_TYPES,warning,manifest_heuristics,ageoa/kalman_filters/filter_rs/atoms.py,,,Weak public type annotations detected
ageoa.kalman_filters.static_kf.exposecovariance@ageoa/kalman_filters/static_kf/atoms.py:110,kalman_filters/static_kf:exposecovariance,STRUCT_WEAK_TYPES,warning,manifest_heuristics,ageoa/kalman_filters/static_kf/atoms.py,,,Weak public type annotations detected
ageoa.kalman_filters.static_kf.exposelatentmean@ageoa/kalman_filters/static_kf/atoms.py:96,kalman_filters/static_kf:exposelatentmean,STRUCT_WEAK_TYPES,warning,manifest_heuristics,ageoa/kalman_filters/static_kf/atoms.py,,,Weak public type annotations detected
ageoa.kalman_filters.static_kf.initializelineargaussianstatemodel@ageoa/kalman_filters/static_kf/atoms.py:23,kalman_filters/static_kf:initializelineargaussianstatemodel,STRUCT_WEAK_TYPES,warning,manifest_heuristics,ageoa/kalman_filters/static_kf/atoms.py,,,Weak public type annotations detected
ageoa.kalman_filters.static_kf.predictlatentstate@ageoa/kalman_filters/static_kf/atoms.py:48,kalman_filters/static_kf:predictlatentstate,STRUCT_WEAK_TYPES,warning,manifest_heuristics,ageoa/kalman_filters/static_kf/atoms.py,,,Weak public type annotations detected
ageoa.kalman_filters.static_kf.updatewithmeasurement@ageoa/kalman_filters/static_kf/atoms.py:69,kalman_filters/static_kf:updatewithmeasurement,STRUCT_WEAK_TYPES,warning,manifest_heuristics,ageoa/kalman_filters/static_kf/atoms.py,,,Weak public type annotations detected
ageoa.mint.fasta_dataset.dataset_item_retrieval@ageoa/mint/fasta_dataset/atoms.py:75,mint/fasta_dataset:dataset_item_retrieval,STRUCT_WEAK_TYPES,warning,manifest_heuristics,ageoa/mint/fasta_dataset/atoms.py,,,Weak public type annotations detected
ageoa.mint.fasta_dataset.dataset_length_query@ageoa/mint/fasta_dataset/atoms.py:60,mint/fasta_dataset:dataset_length_query,STRUCT_WEAK_TYPES,warning,manifest_heuristics,ageoa/mint/fasta_dataset/atoms.py,,,Weak public type annotations detected
ageoa.mint.fasta_dataset.dataset_state_initialization@ageoa/mint/fasta_dataset/atoms.py:20,mint/fasta_dataset:dataset_state_initialization,STRUCT_WEAK_TYPES,warning,manifest_heuristics,ageoa/mint/fasta_dataset/atoms.py,,,Weak public type annotations detected
ageoa.mint.fasta_dataset.token_budget_batch_planning@ageoa/mint/fasta_dataset/atoms.py:92,mint/fasta_dataset:token_budget_batch_planning,STRUCT_WEAK_TYPES,warning,manifest_heuristics,ageoa/mint/fasta_dataset/atoms.py,,,Weak public type annotations detected
ageoa.molecular_docking.build_interaction_graph.pair_distance_compatibility_check@ageoa/molecular_docking/build_interaction_graph/atoms.py:20,molecular_docking/build_interaction_graph:pair_distance_compatibility_check,STRUCT_WEAK_TYPES,warning,manifest_heuristics,ageoa/molecular_docking/build_interaction_graph/atoms.py,,,Weak public type annotations detected
ageoa.molecular_docking.build_interaction_graph.weighted_interaction_edge_derivation@ageoa/molecular_docking/build_interaction_graph/atoms.py:44,molecular_docking/build_interaction_graph:weighted_interaction_edge_derivation,STRUCT_WEAK_TYPES,warning,manifest_heuristics,ageoa/molecular_docking/build_interaction_graph/atoms.py,,,Weak public type annotations detected
ageoa.molecular_docking.minimize_bandwidth.aggregate_maximum_distance_as_bandwidth@ageoa/molecular_docking/minimize_bandwidth/atoms.py:93,molecular_docking/minimize_bandwidth:aggregate_maximum_distance_as_bandwidth,STRUCT_WEAK_TYPES,warning,manifest_heuristics,ageoa/molecular_docking/minimize_bandwidth/atoms.py,,,Weak public type annotations detected
ageoa.molecular_docking.minimize_bandwidth.compute_absolute_weighted_index_distances@ageoa/molecular_docking/minimize_bandwidth/atoms.py:76,molecular_docking/minimize_bandwidth:compute_absolute_weighted_index_distances,STRUCT_WEAK_TYPES,warning,manifest_heuristics,ageoa/molecular_docking/minimize_bandwidth/atoms.py,,,Weak public type annotations detected
ageoa.molecular_docking.minimize_bandwidth.extract_final_permutation@ageoa/molecular_docking/minimize_bandwidth/atoms.py:229,molecular_docking/minimize_bandwidth:extract_final_permutation,STRUCT_WEAK_TYPES,warning,manifest_heuristics,ageoa/molecular_docking/minimize_bandwidth/atoms.py,,,Weak public type annotations detected
ageoa.molecular_docking.minimize_bandwidth.propose_greedy_permutation_step@ageoa/molecular_docking/minimize_bandwidth/atoms.py:158,molecular_docking/minimize_bandwidth:propose_greedy_permutation_step,STRUCT_WEAK_TYPES,warning,manifest_heuristics,ageoa/molecular_docking/minimize_bandwidth/atoms.py,,,Weak public type annotations detected
ageoa.molecular_docking.minimize_bandwidth.update_state_with_improvement_criterion@ageoa/molecular_docking/minimize_bandwidth/atoms.py:186,molecular_docking/minimize_bandwidth:update_state_with_improvement_criterion,STRUCT_WEAK_TYPES,warning,manifest_heuristics,ageoa/molecular_docking/minimize_bandwidth/atoms.py,,,Weak public type annotations detected
ageoa.molecular_docking.quantum_solver_d12.adiabaticpulseassembler@ageoa/molecular_docking/quantum_solver_d12/atoms.py:176,molecular_docking/quantum_solver_d12:adiabaticpulseassembler,STRUCT_CDG_TYPE_HEALTH_LOW,warning,type_and_isomorphism_audit.py,ageoa/molecular_docking/quantum_solver_d12/atoms.py,,,CDG type health score is 0.653
ageoa.molecular_docking.quantum_solver_d12.adiabaticpulseassembler@ageoa/molecular_docking/quantum_solver_d12/atoms.py:176,molecular_docking/quantum_solver_d12:adiabaticpulseassembler,STRUCT_CDG_TYPE_NON_NORMALIZED,warning,type_and_isomorphism_audit.py,ageoa/molecular_docking/quantum_solver_d12/atoms.py,,,CDG has 43 non-normalizable type descriptors
ageoa.molecular_docking.quantum_solver_d12.interactionboundscomputer@ageoa/molecular_docking/quantum_solver_d12/atoms.py:119,molecular_docking/quantum_solver_d12:interactionboundscomputer,STRUCT_CDG_TYPE_HEALTH_LOW,warning,type_and_isomorphism_audit.py,ageoa/molecular_docking/quantum_solver_d12/atoms.py,,,CDG type health score is 0.653
ageoa.molecular_docking.quantum_solver_d12.interactionboundscomputer@ageoa/molecular_docking/quantum_solver_d12/atoms.py:119,molecular_docking/quantum_solver_d12:interactionboundscomputer,STRUCT_CDG_TYPE_NON_NORMALIZED,warning,type_and_isomorphism_audit.py,ageoa/molecular_docking/quantum_solver_d12/atoms.py,,,CDG has 43 non-normalizable type descriptors
ageoa.molecular_docking.quantum_solver_d12.quantumcircuitsampler@ageoa/molecular_docking/quantum_solver_d12/atoms.py:210,molecular_docking/quantum_solver_d12:quantumcircuitsampler,STRUCT_CDG_TYPE_HEALTH_LOW,warning,type_and_isomorphism_audit.py,ageoa/molecular_docking/quantum_solver_d12/atoms.py,,,CDG type health score is 0.653
ageoa.molecular_docking.quantum_solver_d12.quantumcircuitsampler@ageoa/molecular_docking/quantum_solver_d12/atoms.py:210,molecular_docking/quantum_solver_d12:quantumcircuitsampler,STRUCT_CDG_TYPE_NON_NORMALIZED,warning,type_and_isomorphism_audit.py,ageoa/molecular_docking/quantum_solver_d12/atoms.py,,,CDG has 43 non-normalizable type descriptors
ageoa.molecular_docking.quantum_solver_d12.quantumsolutionextractor@ageoa/molecular_docking/quantum_solver_d12/atoms.py:285,molecular_docking/quantum_solver_d12:quantumsolutionextractor,STRUCT_CDG_TYPE_HEALTH_LOW,warning,type_and_isomorphism_audit.py,ageoa/molecular_docking/quantum_solver_d12/atoms.py,,,CDG type health score is 0.653
ageoa.molecular_docking.quantum_solver_d12.quantumsolutionextractor@ageoa/molecular_docking/quantum_solver_d12/atoms.py:285,molecular_docking/quantum_solver_d12:quantumsolutionextractor,STRUCT_CDG_TYPE_NON_NORMALIZED,warning,type_and_isomorphism_audit.py,ageoa/molecular_docking/quantum_solver_d12/atoms.py,,,CDG has 43 non-normalizable type descriptors
ageoa.molecular_docking.quantum_solver_d12.quantumsolverorchestrator@ageoa/molecular_docking/quantum_solver_d12/atoms.py:37,molecular_docking/quantum_solver_d12:quantumsolverorchestrator,STRUCT_CDG_TYPE_HEALTH_LOW,warning,type_and_isomorphism_audit.py,ageoa/molecular_docking/quantum_solver_d12/atoms.py,,,CDG type health score is 0.653
ageoa.molecular_docking.quantum_solver_d12.quantumsolverorchestrator@ageoa/molecular_docking/quantum_solver_d12/atoms.py:37,molecular_docking/quantum_solver_d12:quantumsolverorchestrator,STRUCT_CDG_TYPE_NON_NORMALIZED,warning,type_and_isomorphism_audit.py,ageoa/molecular_docking/quantum_solver_d12/atoms.py,,,CDG has 43 non-normalizable type descriptors
ageoa.neurokit2.averageqrstemplate@ageoa/neurokit2/atoms.py:40,neurokit2:averageqrstemplate,STRUCT_CDG_TYPE_HEALTH_LOW,warning,type_and_isomorphism_audit.py,ageoa/neurokit2/atoms.py,,,CDG type health score is 0.600
ageoa.neurokit2.averageqrstemplate@ageoa/neurokit2/atoms.py:40,neurokit2:averageqrstemplate,STRUCT_CDG_TYPE_NON_NORMALIZED,warning,type_and_isomorphism_audit.py,ageoa/neurokit2/atoms.py,,,CDG has 4 non-normalizable type descriptors
ageoa.neurokit2.zhao2018hrvanalysis@ageoa/neurokit2/atoms.py:21,neurokit2:zhao2018hrvanalysis,STRUCT_CDG_TYPE_HEALTH_LOW,warning,type_and_isomorphism_audit.py,ageoa/neurokit2/atoms.py,,,CDG type health score is 0.600
ageoa.neurokit2.zhao2018hrvanalysis@ageoa/neurokit2/atoms.py:21,neurokit2:zhao2018hrvanalysis,STRUCT_CDG_TYPE_NON_NORMALIZED,warning,type_and_isomorphism_audit.py,ageoa/neurokit2/atoms.py,,,CDG has 4 non-normalizable type descriptors
ageoa.numpy.arrays.array@ageoa/numpy/arrays.py:37,numpy/arrays:array,STRUCT_CDG_MISSING,error,audit.py,ageoa/numpy/arrays.py,,,cdg.json not found
ageoa.numpy.arrays.dot@ageoa/numpy/arrays.py:100,numpy/arrays:dot,STRUCT_CDG_MISSING,error,audit.py,ageoa/numpy/arrays.py,,,cdg.json not found
ageoa.numpy.arrays.dot@ageoa/numpy/arrays.py:100,numpy/arrays:dot,STRUCT_WEAK_TYPES,warning,manifest_heuristics,ageoa/numpy/arrays.py,,,Weak public type annotations detected
ageoa.numpy.arrays.dot@ageoa/numpy/arrays.py:100,numpy/arrays:dot,STRUCT_WEAK_TYPES,warning,audit.py,ageoa/numpy/arrays.py,,,dot: return type is Any
ageoa.numpy.arrays.reshape@ageoa/numpy/arrays.py:151,numpy/arrays:reshape,STRUCT_CDG_MISSING,error,audit.py,ageoa/numpy/arrays.py,,,cdg.json not found
ageoa.numpy.arrays.vstack@ageoa/numpy/arrays.py:123,numpy/arrays:vstack,STRUCT_CDG_MISSING,error,audit.py,ageoa/numpy/arrays.py,,,cdg.json not found
ageoa.numpy.arrays.zeros@ageoa/numpy/arrays.py:81,numpy/arrays:zeros,STRUCT_CDG_MISSING,error,audit.py,ageoa/numpy/arrays.py,,,cdg.json not found
ageoa.numpy.emath.log10@ageoa/numpy/emath.py:63,numpy/emath:log10,STRUCT_CDG_MISSING,error,audit.py,ageoa/numpy/emath.py,,,cdg.json not found
ageoa.numpy.emath.log10@ageoa/numpy/emath.py:63,numpy/emath:log10,STRUCT_WEAK_TYPES,warning,manifest_heuristics,ageoa/numpy/emath.py,,,Weak public type annotations detected
ageoa.numpy.emath.log10@ageoa/numpy/emath.py:63,numpy/emath:log10,STRUCT_WEAK_TYPES,warning,audit.py,ageoa/numpy/emath.py,,,log10: return type is Any
ageoa.numpy.emath.log@ageoa/numpy/emath.py:43,numpy/emath:log,STRUCT_CDG_MISSING,error,audit.py,ageoa/numpy/emath.py,,,cdg.json not found
ageoa.numpy.emath.log@ageoa/numpy/emath.py:43,numpy/emath:log,STRUCT_WEAK_TYPES,warning,manifest_heuristics,ageoa/numpy/emath.py,,,Weak public type annotations detected
ageoa.numpy.emath.log@ageoa/numpy/emath.py:43,numpy/emath:log,STRUCT_WEAK_TYPES,warning,audit.py,ageoa/numpy/emath.py,,,log: return type is Any
ageoa.numpy.emath.logn@ageoa/numpy/emath.py:84,numpy/emath:logn,STRUCT_CDG_MISSING,error,audit.py,ageoa/numpy/emath.py,,,cdg.json not found
ageoa.numpy.emath.logn@ageoa/numpy/emath.py:84,numpy/emath:logn,STRUCT_WEAK_TYPES,warning,manifest_heuristics,ageoa/numpy/emath.py,,,Weak public type annotations detected
ageoa.numpy.emath.logn@ageoa/numpy/emath.py:84,numpy/emath:logn,STRUCT_WEAK_TYPES,warning,audit.py,ageoa/numpy/emath.py,,,logn: return type is Any
ageoa.numpy.emath.power@ageoa/numpy/emath.py:104,numpy/emath:power,STRUCT_CDG_MISSING,error,audit.py,ageoa/numpy/emath.py,,,cdg.json not found
ageoa.numpy.emath.power@ageoa/numpy/emath.py:104,numpy/emath:power,STRUCT_WEAK_TYPES,warning,manifest_heuristics,ageoa/numpy/emath.py,,,Weak public type annotations detected
ageoa.numpy.emath.power@ageoa/numpy/emath.py:104,numpy/emath:power,STRUCT_WEAK_TYPES,warning,audit.py,ageoa/numpy/emath.py,,,power: param 'p' annotated as Any
ageoa.numpy.emath.power@ageoa/numpy/emath.py:104,numpy/emath:power,STRUCT_WEAK_TYPES,warning,audit.py,ageoa/numpy/emath.py,,,power: return type is Any
ageoa.numpy.emath.sqrt@ageoa/numpy/emath.py:24,numpy/emath:sqrt,STRUCT_CDG_MISSING,error,audit.py,ageoa/numpy/emath.py,,,cdg.json not found
ageoa.numpy.emath.sqrt@ageoa/numpy/emath.py:24,numpy/emath:sqrt,STRUCT_WEAK_TYPES,warning,manifest_heuristics,ageoa/numpy/emath.py,,,Weak public type annotations detected
ageoa.numpy.emath.sqrt@ageoa/numpy/emath.py:24,numpy/emath:sqrt,STRUCT_WEAK_TYPES,warning,audit.py,ageoa/numpy/emath.py,,,sqrt: return type is Any
ageoa.numpy.fft.fft@ageoa/numpy/fft.py:35,numpy/fft:fft,STRUCT_CDG_MISSING,error,audit.py,ageoa/numpy/fft.py,,,cdg.json not found
ageoa.numpy.fft.fftfreq@ageoa/numpy/fft.py:190,numpy/fft:fftfreq,STRUCT_CDG_MISSING,error,audit.py,ageoa/numpy/fft.py,,,cdg.json not found
ageoa.numpy.fft.fftshift@ageoa/numpy/fft.py:210,numpy/fft:fftshift,STRUCT_CDG_MISSING,error,audit.py,ageoa/numpy/fft.py,,,cdg.json not found
ageoa.numpy.fft.ifft@ageoa/numpy/fft.py:80,numpy/fft:ifft,STRUCT_CDG_MISSING,error,audit.py,ageoa/numpy/fft.py,,,cdg.json not found
ageoa.numpy.fft.irfft@ageoa/numpy/fft.py:158,numpy/fft:irfft,STRUCT_CDG_MISSING,error,audit.py,ageoa/numpy/fft.py,,,cdg.json not found
ageoa.numpy.fft.rfft@ageoa/numpy/fft.py:119,numpy/fft:rfft,STRUCT_CDG_MISSING,error,audit.py,ageoa/numpy/fft.py,,,cdg.json not found
ageoa.numpy.linalg.det@ageoa/numpy/linalg.py:69,numpy/linalg:det,STRUCT_CDG_MISSING,error,audit.py,ageoa/numpy/linalg.py,,,cdg.json not found
ageoa.numpy.linalg.det@ageoa/numpy/linalg.py:69,numpy/linalg:det,STRUCT_WEAK_TYPES,warning,manifest_heuristics,ageoa/numpy/linalg.py,,,Weak public type annotations detected
ageoa.numpy.linalg.det@ageoa/numpy/linalg.py:69,numpy/linalg:det,STRUCT_WEAK_TYPES,warning,audit.py,ageoa/numpy/linalg.py,,,det: return type is Any
ageoa.numpy.linalg.inv@ageoa/numpy/linalg.py:50,numpy/linalg:inv,STRUCT_CDG_MISSING,error,audit.py,ageoa/numpy/linalg.py,,,cdg.json not found
ageoa.numpy.linalg.norm@ageoa/numpy/linalg.py:84,numpy/linalg:norm,STRUCT_CDG_MISSING,error,audit.py,ageoa/numpy/linalg.py,,,cdg.json not found
ageoa.numpy.linalg.solve@ageoa/numpy/linalg.py:30,numpy/linalg:solve,STRUCT_CDG_MISSING,error,audit.py,ageoa/numpy/linalg.py,,,cdg.json not found
ageoa.numpy.polynomial.polyadd@ageoa/numpy/polynomial.py:102,numpy/polynomial:polyadd,STRUCT_CDG_MISSING,error,audit.py,ageoa/numpy/polynomial.py,,,cdg.json not found
ageoa.numpy.polynomial.polyder@ageoa/numpy/polynomial.py:64,numpy/polynomial:polyder,STRUCT_CDG_MISSING,error,audit.py,ageoa/numpy/polynomial.py,,,cdg.json not found
ageoa.numpy.polynomial.polyfit@ageoa/numpy/polynomial.py:44,numpy/polynomial:polyfit,STRUCT_CDG_MISSING,error,audit.py,ageoa/numpy/polynomial.py,,,cdg.json not found
ageoa.numpy.polynomial.polyint@ageoa/numpy/polynomial.py:83,numpy/polynomial:polyint,STRUCT_CDG_MISSING,error,audit.py,ageoa/numpy/polynomial.py,,,cdg.json not found
ageoa.numpy.polynomial.polymul@ageoa/numpy/polynomial.py:120,numpy/polynomial:polymul,STRUCT_CDG_MISSING,error,audit.py,ageoa/numpy/polynomial.py,,,cdg.json not found
ageoa.numpy.polynomial.polyroots@ageoa/numpy/polynomial.py:138,numpy/polynomial:polyroots,STRUCT_CDG_MISSING,error,audit.py,ageoa/numpy/polynomial.py,,,cdg.json not found
ageoa.numpy.polynomial.polyval@ageoa/numpy/polynomial.py:24,numpy/polynomial:polyval,STRUCT_CDG_MISSING,error,audit.py,ageoa/numpy/polynomial.py,,,cdg.json not found
ageoa.numpy.polynomial.polyval@ageoa/numpy/polynomial.py:24,numpy/polynomial:polyval,STRUCT_WEAK_TYPES,warning,manifest_heuristics,ageoa/numpy/polynomial.py,,,Weak public type annotations detected
ageoa.numpy.polynomial.polyval@ageoa/numpy/polynomial.py:24,numpy/polynomial:polyval,STRUCT_WEAK_TYPES,warning,audit.py,ageoa/numpy/polynomial.py,,,polyval: param 'x' annotated as Any
ageoa.numpy.polynomial.polyval@ageoa/numpy/polynomial.py:24,numpy/polynomial:polyval,STRUCT_WEAK_TYPES,warning,audit.py,ageoa/numpy/polynomial.py,,,polyval: return type is Any
ageoa.numpy.random.default_rng@ageoa/numpy/random.py:112,numpy/random:default_rng,STRUCT_CDG_MISSING,error,audit.py,ageoa/numpy/random.py,,,cdg.json not found
ageoa.numpy.random.rand@ageoa/numpy/random.py:39,numpy/random:rand,STRUCT_CDG_MISSING,error,audit.py,ageoa/numpy/random.py,,,cdg.json not found
ageoa.numpy.random.uniform@ageoa/numpy/random.py:76,numpy/random:uniform,STRUCT_CDG_MISSING,error,audit.py,ageoa/numpy/random.py,,,cdg.json not found
ageoa.numpy.random_v2.combinatoricssampler@ageoa/numpy/random_v2/atoms.py:54,numpy/random_v2:combinatoricssampler,STRUCT_CDG_TYPE_HEALTH_LOW,warning,type_and_isomorphism_audit.py,ageoa/numpy/random_v2/atoms.py,,,CDG type health score is 0.650
ageoa.numpy.random_v2.combinatoricssampler@ageoa/numpy/random_v2/atoms.py:54,numpy/random_v2:combinatoricssampler,STRUCT_CDG_TYPE_NON_NORMALIZED,warning,type_and_isomorphism_audit.py,ageoa/numpy/random_v2/atoms.py,,,CDG has 7 non-normalizable type descriptors
ageoa.numpy.random_v2.continuousmultivariatesampler@ageoa/numpy/random_v2/atoms.py:16,numpy/random_v2:continuousmultivariatesampler,STRUCT_CDG_TYPE_HEALTH_LOW,warning,type_and_isomorphism_audit.py,ageoa/numpy/random_v2/atoms.py,,,CDG type health score is 0.650
ageoa.numpy.random_v2.continuousmultivariatesampler@ageoa/numpy/random_v2/atoms.py:16,numpy/random_v2:continuousmultivariatesampler,STRUCT_CDG_TYPE_NON_NORMALIZED,warning,type_and_isomorphism_audit.py,ageoa/numpy/random_v2/atoms.py,,,CDG has 7 non-normalizable type descriptors
ageoa.numpy.random_v2.discreteeventsampler@ageoa/numpy/random_v2/atoms.py:38,numpy/random_v2:discreteeventsampler,STRUCT_CDG_TYPE_HEALTH_LOW,warning,type_and_isomorphism_audit.py,ageoa/numpy/random_v2/atoms.py,,,CDG type health score is 0.650
ageoa.numpy.random_v2.discreteeventsampler@ageoa/numpy/random_v2/atoms.py:38,numpy/random_v2:discreteeventsampler,STRUCT_CDG_TYPE_NON_NORMALIZED,warning,type_and_isomorphism_audit.py,ageoa/numpy/random_v2/atoms.py,,,CDG has 7 non-normalizable type descriptors
ageoa.numpy.search_sort_v2.binarysearchinsertion@ageoa/numpy/search_sort_v2/atoms.py:20,numpy/search_sort_v2:binarysearchinsertion,STRUCT_CDG_TYPE_HEALTH_LOW,warning,type_and_isomorphism_audit.py,ageoa/numpy/search_sort_v2/atoms.py,,,CDG type health score is 0.400
ageoa.numpy.search_sort_v2.binarysearchinsertion@ageoa/numpy/search_sort_v2/atoms.py:20,numpy/search_sort_v2:binarysearchinsertion,STRUCT_CDG_TYPE_NON_NORMALIZED,warning,type_and_isomorphism_audit.py,ageoa/numpy/search_sort_v2/atoms.py,,,CDG has 9 non-normalizable type descriptors
ageoa.numpy.search_sort_v2.lexicographicindirectsort@ageoa/numpy/search_sort_v2/atoms.py:37,numpy/search_sort_v2:lexicographicindirectsort,STRUCT_CDG_TYPE_HEALTH_LOW,warning,type_and_isomorphism_audit.py,ageoa/numpy/search_sort_v2/atoms.py,,,CDG type health score is 0.400
ageoa.numpy.search_sort_v2.lexicographicindirectsort@ageoa/numpy/search_sort_v2/atoms.py:37,numpy/search_sort_v2:lexicographicindirectsort,STRUCT_CDG_TYPE_NON_NORMALIZED,warning,type_and_isomorphism_audit.py,ageoa/numpy/search_sort_v2/atoms.py,,,CDG has 9 non-normalizable type descriptors
ageoa.numpy.search_sort_v2.partialsortpartition@ageoa/numpy/search_sort_v2/atoms.py:55,numpy/search_sort_v2:partialsortpartition,STRUCT_CDG_TYPE_HEALTH_LOW,warning,type_and_isomorphism_audit.py,ageoa/numpy/search_sort_v2/atoms.py,,,CDG type health score is 0.400
ageoa.numpy.search_sort_v2.partialsortpartition@ageoa/numpy/search_sort_v2/atoms.py:55,numpy/search_sort_v2:partialsortpartition,STRUCT_CDG_TYPE_NON_NORMALIZED,warning,type_and_isomorphism_audit.py,ageoa/numpy/search_sort_v2/atoms.py,,,CDG has 9 non-normalizable type descriptors
ageoa.particle_filters.basic.filter_step_preparation_and_dispatch@ageoa/particle_filters/basic/atoms.py:20,particle_filters/basic:filter_step_preparation_and_dispatch,STRUCT_WEAK_TYPES,warning,manifest_heuristics,ageoa/particle_filters/basic/atoms.py,,,Weak public type annotations detected
ageoa.particle_filters.basic.likelihood_reweight_kernel@ageoa/particle_filters/basic/atoms.py:72,particle_filters/basic:likelihood_reweight_kernel,STRUCT_WEAK_TYPES,warning,manifest_heuristics,ageoa/particle_filters/basic/atoms.py,,,Weak public type annotations detected
ageoa.particle_filters.basic.particle_propagation_kernel@ageoa/particle_filters/basic/atoms.py:44,particle_filters/basic:particle_propagation_kernel,STRUCT_WEAK_TYPES,warning,manifest_heuristics,ageoa/particle_filters/basic/atoms.py,,,Weak public type annotations detected
ageoa.pasqal.docking.graph_transformer@ageoa/pasqal/docking.py:58,pasqal/docking:graph_transformer,STRUCT_IMPORT_HEAVY,warning,audit.py,ageoa/pasqal/docking.py,,,heavy import: networkx
ageoa.pasqal.docking.quantum_mwis_solver@ageoa/pasqal/docking.py:107,pasqal/docking:quantum_mwis_solver,STRUCT_IMPORT_HEAVY,warning,audit.py,ageoa/pasqal/docking.py,,,heavy import: networkx
ageoa.pasqal.docking.sub_graph_embedder@ageoa/pasqal/docking.py:27,pasqal/docking:sub_graph_embedder,STRUCT_IMPORT_HEAVY,warning,audit.py,ageoa/pasqal/docking.py,,,heavy import: networkx
ageoa.pronto.ekf_smoother_v3.stateestimatorinit@ageoa/pronto/ekf_smoother_v3/atoms.py:21,pronto/ekf_smoother_v3:stateestimatorinit,STRUCT_WEAK_TYPES,warning,manifest_heuristics,ageoa/pronto/ekf_smoother_v3/atoms.py,,,Weak public type annotations detected
ageoa.pronto.foot_contact.mode_snapshot_readout@ageoa/pronto/foot_contact/atoms.py:40,pronto/foot_contact:mode_snapshot_readout,STRUCT_WEAK_TYPES,warning,manifest_heuristics,ageoa/pronto/foot_contact/atoms.py,,,Weak public type annotations detected
ageoa.pronto.inverse_schmitt.inverse_schmitt_trigger_transform@ageoa/pronto/inverse_schmitt/atoms.py:21,pronto/inverse_schmitt:inverse_schmitt_trigger_transform,STRUCT_WEAK_TYPES,warning,manifest_heuristics,ageoa/pronto/inverse_schmitt/atoms.py,,,Weak public type annotations detected
ageoa.pronto.leg_odometer.posequeryaccessors@ageoa/pronto/leg_odometer/atoms.py:42,pronto/leg_odometer:posequeryaccessors,STRUCT_WEAK_TYPES,warning,manifest_heuristics,ageoa/pronto/leg_odometer/atoms.py,,,Weak public type annotations detected
ageoa.pronto.leg_odometer.velocitystatereadout@ageoa/pronto/leg_odometer/atoms.py:21,pronto/leg_odometer:velocitystatereadout,STRUCT_WEAK_TYPES,warning,manifest_heuristics,ageoa/pronto/leg_odometer/atoms.py,,,Weak public type annotations detected
ageoa.pronto.yaw_lock.readinitialjointangles@ageoa/pronto/yaw_lock/atoms.py:126,pronto/yaw_lock:readinitialjointangles,STRUCT_WEAK_TYPES,warning,manifest_heuristics,ageoa/pronto/yaw_lock/atoms.py,,,Weak public type annotations detected
ageoa.pronto.yaw_lock.setjointposeandinitialangles@ageoa/pronto/yaw_lock/atoms.py:105,pronto/yaw_lock:setjointposeandinitialangles,STRUCT_WEAK_TYPES,warning,manifest_heuristics,ageoa/pronto/yaw_lock/atoms.py,,,Weak public type annotations detected
ageoa.pronto.yaw_lock.setstandinglinktargets@ageoa/pronto/yaw_lock/atoms.py:142,pronto/yaw_lock:setstandinglinktargets,STRUCT_WEAK_TYPES,warning,manifest_heuristics,ageoa/pronto/yaw_lock/atoms.py,,,Weak public type annotations detected
ageoa.pulsar.pipeline.SNR@ageoa/pulsar/pipeline.py:113,pulsar/pipeline:SNR,STRUCT_CDG_INVALID,warning,audit.py,ageoa/pulsar/pipeline.py,,,delay_from_dm.inputs.freq_emitted: empty constraints
ageoa.pulsar.pipeline.de_disperse@ageoa/pulsar/pipeline.py:44,pulsar/pipeline:de_disperse,STRUCT_CDG_INVALID,warning,audit.py,ageoa/pulsar/pipeline.py,,,delay_from_dm.inputs.freq_emitted: empty constraints
ageoa.pulsar.pipeline.delay_from_DM@ageoa/pulsar/pipeline.py:24,pulsar/pipeline:delay_from_DM,STRUCT_CDG_INVALID,warning,audit.py,ageoa/pulsar/pipeline.py,,,delay_from_dm.inputs.freq_emitted: empty constraints
ageoa.pulsar.pipeline.fold_signal@ageoa/pulsar/pipeline.py:84,pulsar/pipeline:fold_signal,STRUCT_CDG_INVALID,warning,audit.py,ageoa/pulsar/pipeline.py,,,delay_from_dm.inputs.freq_emitted: empty constraints
ageoa.pulsar_folding.dm_can_d12.dm_candidate_filter@ageoa/pulsar_folding/dm_can_d12/atoms.py:18,pulsar_folding/dm_can_d12:dm_candidate_filter,STRUCT_CDG_TYPE_HEALTH_LOW,warning,type_and_isomorphism_audit.py,ageoa/pulsar_folding/dm_can_d12/atoms.py,,,CDG type health score is 0.333
ageoa.pulsar_folding.dm_can_d12.dm_candidate_filter@ageoa/pulsar_folding/dm_can_d12/atoms.py:18,pulsar_folding/dm_can_d12:dm_candidate_filter,STRUCT_CDG_TYPE_NON_NORMALIZED,warning,type_and_isomorphism_audit.py,ageoa/pulsar_folding/dm_can_d12/atoms.py,,,CDG has 6 non-normalizable type descriptors
ageoa.quantfin.char_func_option_d12.cf@ageoa/quantfin/char_func_option_d12/atoms.py:168,quantfin/char_func_option_d12:cf,STRUCT_WEAK_TYPES,warning,manifest_heuristics,ageoa/quantfin/char_func_option_d12/atoms.py,,,Weak public type annotations detected
ageoa.quantfin.char_func_option_d12.charfuncoption@ageoa/quantfin/char_func_option_d12/atoms.py:26,quantfin/char_func_option_d12:charfuncoption,STRUCT_WEAK_TYPES,warning,manifest_heuristics,ageoa/quantfin/char_func_option_d12/atoms.py,,,Weak public type annotations detected
ageoa.quantfin.local_vol_d12.localvol@ageoa/quantfin/local_vol_d12/atoms.py:60,quantfin/local_vol_d12:localvol,STRUCT_WEAK_TYPES,warning,manifest_heuristics,ageoa/quantfin/local_vol_d12/atoms.py,,,Weak public type annotations detected
ageoa.quantfin.local_vol_d12.var@ageoa/quantfin/local_vol_d12/atoms.py:25,quantfin/local_vol_d12:var,STRUCT_WEAK_TYPES,warning,manifest_heuristics,ageoa/quantfin/local_vol_d12/atoms.py,,,Weak public type annotations detected
ageoa.quantfin.monte_carlo_anti_d12.evolve@ageoa/quantfin/monte_carlo_anti_d12/atoms.py:224,quantfin/monte_carlo_anti_d12:evolve,STRUCT_WEAK_TYPES,warning,manifest_heuristics,ageoa/quantfin/monte_carlo_anti_d12/atoms.py,,,Weak public type annotations detected
ageoa.quantfin.monte_carlo_anti_d12.insertcf@ageoa/quantfin/monte_carlo_anti_d12/atoms.py:673,quantfin/monte_carlo_anti_d12:insertcf,STRUCT_WEAK_TYPES,warning,manifest_heuristics,ageoa/quantfin/monte_carlo_anti_d12/atoms.py,,,Weak public type annotations detected
ageoa.quantfin.monte_carlo_anti_d12.process@ageoa/quantfin/monte_carlo_anti_d12/atoms.py:377,quantfin/monte_carlo_anti_d12:process,STRUCT_WEAK_TYPES,warning,manifest_heuristics,ageoa/quantfin/monte_carlo_anti_d12/atoms.py,,,Weak public type annotations detected
ageoa.quantfin.monte_carlo_anti_d12.process@ageoa/quantfin/monte_carlo_anti_d12/atoms.py:475,quantfin/monte_carlo_anti_d12:process,STRUCT_WEAK_TYPES,warning,manifest_heuristics,ageoa/quantfin/monte_carlo_anti_d12/atoms.py,,,Weak public type annotations detected
ageoa.quantfin.monte_carlo_anti_d12.process@ageoa/quantfin/monte_carlo_anti_d12/atoms.py:548,quantfin/monte_carlo_anti_d12:process,STRUCT_WEAK_TYPES,warning,manifest_heuristics,ageoa/quantfin/monte_carlo_anti_d12/atoms.py,,,Weak public type annotations detected
ageoa.quantfin.monte_carlo_anti_d12.quicksim@ageoa/quantfin/monte_carlo_anti_d12/atoms.py:158,quantfin/monte_carlo_anti_d12:quicksim,STRUCT_WEAK_TYPES,warning,manifest_heuristics,ageoa/quantfin/monte_carlo_anti_d12/atoms.py,,,Weak public type annotations detected
ageoa.quantfin.monte_carlo_anti_d12.quicksimanti@ageoa/quantfin/monte_carlo_anti_d12/atoms.py:191,quantfin/monte_carlo_anti_d12:quicksimanti,STRUCT_WEAK_TYPES,warning,manifest_heuristics,ageoa/quantfin/monte_carlo_anti_d12/atoms.py,,,Weak public type annotations detected
ageoa.quantfin.monte_carlo_anti_d12.runmc@ageoa/quantfin/monte_carlo_anti_d12/atoms.py:39,quantfin/monte_carlo_anti_d12:runmc,STRUCT_WEAK_TYPES,warning,manifest_heuristics,ageoa/quantfin/monte_carlo_anti_d12/atoms.py,,,Weak public type annotations detected
ageoa.quantfin.monte_carlo_anti_d12.runsim@ageoa/quantfin/monte_carlo_anti_d12/atoms.py:339,quantfin/monte_carlo_anti_d12:runsim,STRUCT_WEAK_TYPES,warning,manifest_heuristics,ageoa/quantfin/monte_carlo_anti_d12/atoms.py,,,Weak public type annotations detected
ageoa.quantfin.monte_carlo_anti_d12.runsimulation@ageoa/quantfin/monte_carlo_anti_d12/atoms.py:83,quantfin/monte_carlo_anti_d12:runsimulation,STRUCT_WEAK_TYPES,warning,manifest_heuristics,ageoa/quantfin/monte_carlo_anti_d12/atoms.py,,,Weak public type annotations detected
ageoa.quantfin.monte_carlo_anti_d12.runsimulationanti@ageoa/quantfin/monte_carlo_anti_d12/atoms.py:122,quantfin/monte_carlo_anti_d12:runsimulationanti,STRUCT_WEAK_TYPES,warning,manifest_heuristics,ageoa/quantfin/monte_carlo_anti_d12/atoms.py,,,Weak public type annotations detected
ageoa.quantfin.monte_carlo_anti_d12.simulatestate@ageoa/quantfin/monte_carlo_anti_d12/atoms.py:301,quantfin/monte_carlo_anti_d12:simulatestate,STRUCT_WEAK_TYPES,warning,manifest_heuristics,ageoa/quantfin/monte_carlo_anti_d12/atoms.py,,,Weak public type annotations detected
ageoa.quantfin.montecarlo.quick_sim_anti@ageoa/quantfin/montecarlo.py:84,quantfin/montecarlo:quick_sim_anti,STRUCT_REGISTER_MISSING,error,audit.py,ageoa/quantfin/montecarlo.py,,,list_simulators: missing @register_atom decorator
ageoa.quantfin.montecarlo.quick_sim_anti@ageoa/quantfin/montecarlo.py:84,quantfin/montecarlo:quick_sim_anti,STRUCT_REGISTER_MISSING,error,audit.py,ageoa/quantfin/montecarlo.py,,,register_simulator: missing @register_atom decorator
ageoa.quantfin.montecarlo.quick_sim_anti@ageoa/quantfin/montecarlo.py:84,quantfin/montecarlo:quick_sim_anti,STRUCT_DOCSTRING_PLACEHOLDER,warning,audit.py,ageoa/quantfin/montecarlo.py,,,quick_sim_anti: docstring missing 'Args:' section
ageoa.quantfin.montecarlo.quick_sim_anti@ageoa/quantfin/montecarlo.py:84,quantfin/montecarlo:quick_sim_anti,STRUCT_DOCSTRING_PLACEHOLDER,warning,audit.py,ageoa/quantfin/montecarlo.py,,,register_simulator: docstring missing 'Args:' section
ageoa.quantfin.montecarlo.quick_sim_anti@ageoa/quantfin/montecarlo.py:84,quantfin/montecarlo:quick_sim_anti,STRUCT_ENSURE_MISSING,warning,audit.py,ageoa/quantfin/montecarlo.py,,,list_simulators: missing @icontract.ensure
ageoa.quantfin.montecarlo.quick_sim_anti@ageoa/quantfin/montecarlo.py:84,quantfin/montecarlo:quick_sim_anti,STRUCT_ENSURE_MISSING,warning,audit.py,ageoa/quantfin/montecarlo.py,,,register_simulator: missing @icontract.ensure
ageoa.quantfin.montecarlo.quick_sim_anti@ageoa/quantfin/montecarlo.py:84,quantfin/montecarlo:quick_sim_anti,STRUCT_REQUIRE_MISSING,warning,audit.py,ageoa/quantfin/montecarlo.py,,,list_simulators: missing @icontract.require
ageoa.quantfin.montecarlo.run_simulation@ageoa/quantfin/montecarlo.py:40,quantfin/montecarlo:run_simulation,STRUCT_REGISTER_MISSING,error,audit.py,ageoa/quantfin/montecarlo.py,,,list_simulators: missing @register_atom decorator
ageoa.quantfin.montecarlo.run_simulation@ageoa/quantfin/montecarlo.py:40,quantfin/montecarlo:run_simulation,STRUCT_REGISTER_MISSING,error,audit.py,ageoa/quantfin/montecarlo.py,,,register_simulator: missing @register_atom decorator
ageoa.quantfin.montecarlo.run_simulation@ageoa/quantfin/montecarlo.py:40,quantfin/montecarlo:run_simulation,STRUCT_DOCSTRING_PLACEHOLDER,warning,audit.py,ageoa/quantfin/montecarlo.py,,,register_simulator: docstring missing 'Args:' section
ageoa.quantfin.montecarlo.run_simulation@ageoa/quantfin/montecarlo.py:40,quantfin/montecarlo:run_simulation,STRUCT_DOCSTRING_PLACEHOLDER,warning,audit.py,ageoa/quantfin/montecarlo.py,,,run_simulation: docstring missing 'Args:' section
ageoa.quantfin.montecarlo.run_simulation@ageoa/quantfin/montecarlo.py:40,quantfin/montecarlo:run_simulation,STRUCT_ENSURE_MISSING,warning,audit.py,ageoa/quantfin/montecarlo.py,,,list_simulators: missing @icontract.ensure
ageoa.quantfin.montecarlo.run_simulation@ageoa/quantfin/montecarlo.py:40,quantfin/montecarlo:run_simulation,STRUCT_ENSURE_MISSING,warning,audit.py,ageoa/quantfin/montecarlo.py,,,register_simulator: missing @icontract.ensure
ageoa.quantfin.montecarlo.run_simulation@ageoa/quantfin/montecarlo.py:40,quantfin/montecarlo:run_simulation,STRUCT_REQUIRE_MISSING,warning,audit.py,ageoa/quantfin/montecarlo.py,,,list_simulators: missing @icontract.require
ageoa.quantfin.montecarlo.run_simulation_anti@ageoa/quantfin/montecarlo.py:60,quantfin/montecarlo:run_simulation_anti,STRUCT_REGISTER_MISSING,error,audit.py,ageoa/quantfin/montecarlo.py,,,list_simulators: missing @register_atom decorator
ageoa.quantfin.montecarlo.run_simulation_anti@ageoa/quantfin/montecarlo.py:60,quantfin/montecarlo:run_simulation_anti,STRUCT_REGISTER_MISSING,error,audit.py,ageoa/quantfin/montecarlo.py,,,register_simulator: missing @register_atom decorator
ageoa.quantfin.montecarlo.run_simulation_anti@ageoa/quantfin/montecarlo.py:60,quantfin/montecarlo:run_simulation_anti,STRUCT_DOCSTRING_PLACEHOLDER,warning,audit.py,ageoa/quantfin/montecarlo.py,,,register_simulator: docstring missing 'Args:' section
ageoa.quantfin.montecarlo.run_simulation_anti@ageoa/quantfin/montecarlo.py:60,quantfin/montecarlo:run_simulation_anti,STRUCT_DOCSTRING_PLACEHOLDER,warning,audit.py,ageoa/quantfin/montecarlo.py,,,run_simulation_anti: docstring missing 'Args:' section
ageoa.quantfin.montecarlo.run_simulation_anti@ageoa/quantfin/montecarlo.py:60,quantfin/montecarlo:run_simulation_anti,STRUCT_ENSURE_MISSING,warning,audit.py,ageoa/quantfin/montecarlo.py,,,list_simulators: missing @icontract.ensure
ageoa.quantfin.montecarlo.run_simulation_anti@ageoa/quantfin/montecarlo.py:60,quantfin/montecarlo:run_simulation_anti,STRUCT_ENSURE_MISSING,warning,audit.py,ageoa/quantfin/montecarlo.py,,,register_simulator: missing @icontract.ensure
ageoa.quantfin.montecarlo.run_simulation_anti@ageoa/quantfin/montecarlo.py:60,quantfin/montecarlo:run_simulation_anti,STRUCT_REQUIRE_MISSING,warning,audit.py,ageoa/quantfin/montecarlo.py,,,list_simulators: missing @icontract.require
ageoa.quantfin.tdma_solver_d12.cotraversevec@ageoa/quantfin/tdma_solver_d12/atoms.py:147,quantfin/tdma_solver_d12:cotraversevec,STRUCT_WEAK_TYPES,warning,manifest_heuristics,ageoa/quantfin/tdma_solver_d12/atoms.py,,,Weak public type annotations detected
ageoa.rust_robotics.longitudinal_dynamics.deserialize_model_spec@ageoa/rust_robotics/longitudinal_dynamics/atoms.py:208,rust_robotics/longitudinal_dynamics:deserialize_model_spec,STRUCT_WEAK_TYPES,warning,manifest_heuristics,ageoa/rust_robotics/longitudinal_dynamics/atoms.py,,,Weak public type annotations detected
ageoa.rust_robotics.longitudinal_dynamics.initialize_model@ageoa/rust_robotics/longitudinal_dynamics/atoms.py:27,rust_robotics/longitudinal_dynamics:initialize_model,STRUCT_WEAK_TYPES,warning,manifest_heuristics,ageoa/rust_robotics/longitudinal_dynamics/atoms.py,,,Weak public type annotations detected
ageoa.scipy.fft.dct@ageoa/scipy/fft.py:39,scipy/fft:dct,STRUCT_CDG_MISSING,error,audit.py,ageoa/scipy/fft.py,,,cdg.json not found
ageoa.scipy.fft.idct@ageoa/scipy/fft.py:85,scipy/fft:idct,STRUCT_CDG_MISSING,error,audit.py,ageoa/scipy/fft.py,,,cdg.json not found
ageoa.scipy.integrate.quad@ageoa/scipy/integrate.py:19,scipy/integrate:quad,STRUCT_CDG_MISSING,error,audit.py,ageoa/scipy/integrate.py,,,cdg.json not found
ageoa.scipy.integrate.simpson@ageoa/scipy/integrate.py:126,scipy/integrate:simpson,STRUCT_CDG_MISSING,error,audit.py,ageoa/scipy/integrate.py,,,cdg.json not found
ageoa.scipy.integrate.simpson@ageoa/scipy/integrate.py:126,scipy/integrate:simpson,STRUCT_ENSURE_MISSING,warning,audit.py,ageoa/scipy/integrate.py,,,simpson: missing @icontract.ensure
ageoa.scipy.integrate.solve_ivp@ageoa/scipy/integrate.py:80,scipy/integrate:solve_ivp,STRUCT_CDG_MISSING,error,audit.py,ageoa/scipy/integrate.py,,,cdg.json not found
ageoa.scipy.integrate.solve_ivp@ageoa/scipy/integrate.py:80,scipy/integrate:solve_ivp,STRUCT_PUBLIC_KWARGS,warning,manifest_heuristics,ageoa/scipy/integrate.py,,,Public signature uses **kwargs
ageoa.scipy.integrate.solve_ivp@ageoa/scipy/integrate.py:80,scipy/integrate:solve_ivp,STRUCT_WEAK_TYPES,warning,manifest_heuristics,ageoa/scipy/integrate.py,,,Weak public type annotations detected
ageoa.scipy.integrate.solve_ivp@ageoa/scipy/integrate.py:80,scipy/integrate:solve_ivp,STRUCT_WEAK_TYPES,warning,audit.py,ageoa/scipy/integrate.py,,,solve_ivp: return type is Any
ageoa.scipy.interpolate_v2.cubicsplinefit@ageoa/scipy/interpolate_v2/atoms.py:21,scipy/interpolate_v2:cubicsplinefit,STRUCT_CDG_TYPE_HEALTH_LOW,warning,type_and_isomorphism_audit.py,ageoa/scipy/interpolate_v2/atoms.py,,,CDG type health score is 0.714
ageoa.scipy.interpolate_v2.cubicsplinefit@ageoa/scipy/interpolate_v2/atoms.py:21,scipy/interpolate_v2:cubicsplinefit,STRUCT_CDG_TYPE_NON_NORMALIZED,warning,type_and_isomorphism_audit.py,ageoa/scipy/interpolate_v2/atoms.py,,,CDG has 4 non-normalizable type descriptors
ageoa.scipy.interpolate_v2.cubicsplinefit@ageoa/scipy/interpolate_v2/atoms.py:21,scipy/interpolate_v2:cubicsplinefit,STRUCT_WEAK_TYPES,warning,manifest_heuristics,ageoa/scipy/interpolate_v2/atoms.py,,,Weak public type annotations detected
ageoa.scipy.interpolate_v2.rbfinterpolatorfit@ageoa/scipy/interpolate_v2/atoms.py:42,scipy/interpolate_v2:rbfinterpolatorfit,STRUCT_CDG_TYPE_HEALTH_LOW,warning,type_and_isomorphism_audit.py,ageoa/scipy/interpolate_v2/atoms.py,,,CDG type health score is 0.714
ageoa.scipy.interpolate_v2.rbfinterpolatorfit@ageoa/scipy/interpolate_v2/atoms.py:42,scipy/interpolate_v2:rbfinterpolatorfit,STRUCT_CDG_TYPE_NON_NORMALIZED,warning,type_and_isomorphism_audit.py,ageoa/scipy/interpolate_v2/atoms.py,,,CDG has 4 non-normalizable type descriptors
ageoa.scipy.interpolate_v2.rbfinterpolatorfit@ageoa/scipy/interpolate_v2/atoms.py:42,scipy/interpolate_v2:rbfinterpolatorfit,STRUCT_WEAK_TYPES,warning,manifest_heuristics,ageoa/scipy/interpolate_v2/atoms.py,,,Weak public type annotations detected
ageoa.scipy.linalg.det@ageoa/scipy/linalg.py:93,scipy/linalg:det,STRUCT_CDG_MISSING,error,audit.py,ageoa/scipy/linalg.py,,,cdg.json not found
ageoa.scipy.linalg.inv@ageoa/scipy/linalg.py:69,scipy/linalg:inv,STRUCT_CDG_MISSING,error,audit.py,ageoa/scipy/linalg.py,,,cdg.json not found
ageoa.scipy.linalg.lu_factor@ageoa/scipy/linalg.py:114,scipy/linalg:lu_factor,STRUCT_CDG_MISSING,error,audit.py,ageoa/scipy/linalg.py,,,cdg.json not found
ageoa.scipy.linalg.lu_solve@ageoa/scipy/linalg.py:142,scipy/linalg:lu_solve,STRUCT_CDG_MISSING,error,audit.py,ageoa/scipy/linalg.py,,,cdg.json not found
ageoa.scipy.linalg.solve@ageoa/scipy/linalg.py:28,scipy/linalg:solve,STRUCT_CDG_MISSING,error,audit.py,ageoa/scipy/linalg.py,,,cdg.json not found
ageoa.scipy.optimize.curve_fit@ageoa/scipy/optimize.py:167,scipy/optimize:curve_fit,STRUCT_CDG_MISSING,error,audit.py,ageoa/scipy/optimize.py,,,cdg.json not found
ageoa.scipy.optimize.curve_fit@ageoa/scipy/optimize.py:167,scipy/optimize:curve_fit,STRUCT_PUBLIC_KWARGS,warning,manifest_heuristics,ageoa/scipy/optimize.py,,,Public signature uses **kwargs
ageoa.scipy.optimize.curve_fit@ageoa/scipy/optimize.py:167,scipy/optimize:curve_fit,STRUCT_WEAK_TYPES,warning,manifest_heuristics,ageoa/scipy/optimize.py,,,Weak public type annotations detected
ageoa.scipy.optimize.linprog@ageoa/scipy/optimize.py:118,scipy/optimize:linprog,STRUCT_CDG_MISSING,error,audit.py,ageoa/scipy/optimize.py,,,cdg.json not found
ageoa.scipy.optimize.minimize@ageoa/scipy/optimize.py:21,scipy/optimize:minimize,STRUCT_CDG_MISSING,error,audit.py,ageoa/scipy/optimize.py,,,cdg.json not found
ageoa.scipy.optimize.root@ageoa/scipy/optimize.py:75,scipy/optimize:root,STRUCT_CDG_MISSING,error,audit.py,ageoa/scipy/optimize.py,,,cdg.json not found
ageoa.scipy.optimize_v2.differentialevolutionoptimization@ageoa/scipy/optimize_v2/atoms.py:54,scipy/optimize_v2:differentialevolutionoptimization,STRUCT_CDG_TYPE_HEALTH_LOW,warning,type_and_isomorphism_audit.py,ageoa/scipy/optimize_v2/atoms.py,,,CDG type health score is 0.258
ageoa.scipy.optimize_v2.differentialevolutionoptimization@ageoa/scipy/optimize_v2/atoms.py:54,scipy/optimize_v2:differentialevolutionoptimization,STRUCT_CDG_TYPE_NON_NORMALIZED,warning,type_and_isomorphism_audit.py,ageoa/scipy/optimize_v2/atoms.py,,,CDG has 23 non-normalizable type descriptors
ageoa.scipy.optimize_v2.shgoglobaloptimization@ageoa/scipy/optimize_v2/atoms.py:27,scipy/optimize_v2:shgoglobaloptimization,STRUCT_CDG_TYPE_HEALTH_LOW,warning,type_and_isomorphism_audit.py,ageoa/scipy/optimize_v2/atoms.py,,,CDG type health score is 0.258
ageoa.scipy.optimize_v2.shgoglobaloptimization@ageoa/scipy/optimize_v2/atoms.py:27,scipy/optimize_v2:shgoglobaloptimization,STRUCT_CDG_TYPE_NON_NORMALIZED,warning,type_and_isomorphism_audit.py,ageoa/scipy/optimize_v2/atoms.py,,,CDG has 23 non-normalizable type descriptors
ageoa.scipy.signal.butter@ageoa/scipy/signal.py:57,scipy/signal:butter,STRUCT_CDG_MISSING,error,audit.py,ageoa/scipy/signal.py,,,cdg.json not found
ageoa.scipy.signal.cheby1@ageoa/scipy/signal.py:98,scipy/signal:cheby1,STRUCT_CDG_MISSING,error,audit.py,ageoa/scipy/signal.py,,,cdg.json not found
ageoa.scipy.signal.cheby2@ageoa/scipy/signal.py:139,scipy/signal:cheby2,STRUCT_CDG_MISSING,error,audit.py,ageoa/scipy/signal.py,,,cdg.json not found
ageoa.scipy.signal.firwin@ageoa/scipy/signal.py:177,scipy/signal:firwin,STRUCT_CDG_MISSING,error,audit.py,ageoa/scipy/signal.py,,,cdg.json not found
ageoa.scipy.signal.freqz@ageoa/scipy/signal.py:298,scipy/signal:freqz,STRUCT_CDG_MISSING,error,audit.py,ageoa/scipy/signal.py,,,cdg.json not found
ageoa.scipy.signal.lfilter@ageoa/scipy/signal.py:254,scipy/signal:lfilter,STRUCT_CDG_MISSING,error,audit.py,ageoa/scipy/signal.py,,,cdg.json not found
ageoa.scipy.signal.sosfilt@ageoa/scipy/signal.py:220,scipy/signal:sosfilt,STRUCT_CDG_MISSING,error,audit.py,ageoa/scipy/signal.py,,,cdg.json not found
ageoa.scipy.sparse_graph.graph_fourier_transform@ageoa/scipy/sparse_graph.py:100,scipy/sparse_graph:graph_fourier_transform,STRUCT_CDG_MISSING,error,audit.py,ageoa/scipy/sparse_graph.py,,,cdg.json not found
ageoa.scipy.sparse_graph.graph_laplacian@ageoa/scipy/sparse_graph.py:63,scipy/sparse_graph:graph_laplacian,STRUCT_CDG_MISSING,error,audit.py,ageoa/scipy/sparse_graph.py,,,cdg.json not found
ageoa.scipy.sparse_graph.heat_kernel_diffusion@ageoa/scipy/sparse_graph.py:167,scipy/sparse_graph:heat_kernel_diffusion,STRUCT_CDG_MISSING,error,audit.py,ageoa/scipy/sparse_graph.py,,,cdg.json not found
ageoa.scipy.sparse_graph.inverse_graph_fourier_transform@ageoa/scipy/sparse_graph.py:138,scipy/sparse_graph:inverse_graph_fourier_transform,STRUCT_CDG_MISSING,error,audit.py,ageoa/scipy/sparse_graph.py,,,cdg.json not found
ageoa.scipy.sparse_graph_v2.allpairsshortestpath@ageoa/scipy/sparse_graph_v2/atoms.py:45,scipy/sparse_graph_v2:allpairsshortestpath,STRUCT_CDG_TYPE_NON_NORMALIZED,warning,type_and_isomorphism_audit.py,ageoa/scipy/sparse_graph_v2/atoms.py,,,CDG has 1 non-normalizable type descriptors
ageoa.scipy.sparse_graph_v2.minimumspanningtree@ageoa/scipy/sparse_graph_v2/atoms.py:65,scipy/sparse_graph_v2:minimumspanningtree,STRUCT_CDG_TYPE_NON_NORMALIZED,warning,type_and_isomorphism_audit.py,ageoa/scipy/sparse_graph_v2/atoms.py,,,CDG has 1 non-normalizable type descriptors
ageoa.scipy.sparse_graph_v2.singlesourceshortestpath@ageoa/scipy/sparse_graph_v2/atoms.py:20,scipy/sparse_graph_v2:singlesourceshortestpath,STRUCT_CDG_TYPE_NON_NORMALIZED,warning,type_and_isomorphism_audit.py,ageoa/scipy/sparse_graph_v2/atoms.py,,,CDG has 1 non-normalizable type descriptors
ageoa.scipy.spatial_v2.delaunaytriangulation@ageoa/scipy/spatial_v2/atoms.py:35,scipy/spatial_v2:delaunaytriangulation,STRUCT_CDG_TYPE_HEALTH_LOW,warning,type_and_isomorphism_audit.py,ageoa/scipy/spatial_v2/atoms.py,,,CDG type health score is 0.250
ageoa.scipy.spatial_v2.delaunaytriangulation@ageoa/scipy/spatial_v2/atoms.py:35,scipy/spatial_v2:delaunaytriangulation,STRUCT_CDG_TYPE_NON_NORMALIZED,warning,type_and_isomorphism_audit.py,ageoa/scipy/spatial_v2/atoms.py,,,CDG has 6 non-normalizable type descriptors
ageoa.scipy.spatial_v2.voronoitessellation@ageoa/scipy/spatial_v2/atoms.py:18,scipy/spatial_v2:voronoitessellation,STRUCT_CDG_TYPE_HEALTH_LOW,warning,type_and_isomorphism_audit.py,ageoa/scipy/spatial_v2/atoms.py,,,CDG type health score is 0.250
ageoa.scipy.spatial_v2.voronoitessellation@ageoa/scipy/spatial_v2/atoms.py:18,scipy/spatial_v2:voronoitessellation,STRUCT_CDG_TYPE_NON_NORMALIZED,warning,type_and_isomorphism_audit.py,ageoa/scipy/spatial_v2/atoms.py,,,CDG has 6 non-normalizable type descriptors
ageoa.scipy.stats.describe@ageoa/scipy/stats.py:23,scipy/stats:describe,STRUCT_CDG_MISSING,error,audit.py,ageoa/scipy/stats.py,,,cdg.json not found
ageoa.scipy.stats.describe@ageoa/scipy/stats.py:23,scipy/stats:describe,STRUCT_WEAK_TYPES,warning,manifest_heuristics,ageoa/scipy/stats.py,,,Weak public type annotations detected
ageoa.scipy.stats.describe@ageoa/scipy/stats.py:23,scipy/stats:describe,STRUCT_WEAK_TYPES,warning,audit.py,ageoa/scipy/stats.py,,,describe: return type is Any
ageoa.scipy.stats.norm@ageoa/scipy/stats.py:149,scipy/stats:norm,STRUCT_CDG_MISSING,error,audit.py,ageoa/scipy/stats.py,,,cdg.json not found
ageoa.scipy.stats.norm@ageoa/scipy/stats.py:149,scipy/stats:norm,STRUCT_WEAK_TYPES,warning,manifest_heuristics,ageoa/scipy/stats.py,,,Weak public type annotations detected
ageoa.scipy.stats.norm@ageoa/scipy/stats.py:149,scipy/stats:norm,STRUCT_WEAK_TYPES,warning,audit.py,ageoa/scipy/stats.py,,,norm: return type is Any
ageoa.scipy.stats.pearsonr@ageoa/scipy/stats.py:100,scipy/stats:pearsonr,STRUCT_CDG_MISSING,error,audit.py,ageoa/scipy/stats.py,,,cdg.json not found
ageoa.scipy.stats.pearsonr@ageoa/scipy/stats.py:100,scipy/stats:pearsonr,STRUCT_WEAK_TYPES,warning,manifest_heuristics,ageoa/scipy/stats.py,,,Weak public type annotations detected
ageoa.scipy.stats.pearsonr@ageoa/scipy/stats.py:100,scipy/stats:pearsonr,STRUCT_WEAK_TYPES,warning,audit.py,ageoa/scipy/stats.py,,,pearsonr: return type is Any
ageoa.scipy.stats.spearmanr@ageoa/scipy/stats.py:117,scipy/stats:spearmanr,STRUCT_CDG_MISSING,error,audit.py,ageoa/scipy/stats.py,,,cdg.json not found
ageoa.scipy.stats.spearmanr@ageoa/scipy/stats.py:117,scipy/stats:spearmanr,STRUCT_WEAK_TYPES,warning,manifest_heuristics,ageoa/scipy/stats.py,,,Weak public type annotations detected
ageoa.scipy.stats.spearmanr@ageoa/scipy/stats.py:117,scipy/stats:spearmanr,STRUCT_WEAK_TYPES,warning,audit.py,ageoa/scipy/stats.py,,,spearmanr: return type is Any
ageoa.scipy.stats.ttest_ind@ageoa/scipy/stats.py:60,scipy/stats:ttest_ind,STRUCT_CDG_MISSING,error,audit.py,ageoa/scipy/stats.py,,,cdg.json not found
ageoa.scipy.stats.ttest_ind@ageoa/scipy/stats.py:60,scipy/stats:ttest_ind,STRUCT_WEAK_TYPES,warning,manifest_heuristics,ageoa/scipy/stats.py,,,Weak public type annotations detected
ageoa.scipy.stats.ttest_ind@ageoa/scipy/stats.py:60,scipy/stats:ttest_ind,STRUCT_WEAK_TYPES,warning,audit.py,ageoa/scipy/stats.py,,,ttest_ind: return type is Any
ageoa.sklearn.calibration_iter7.fit_calibrated_model_and_derive_metadata_contracts@ageoa/sklearn/calibration_iter7/atoms.py:66,sklearn/calibration_iter7:fit_calibrated_model_and_derive_metadata_contracts,STRUCT_CDG_TYPE_HEALTH_LOW,warning,type_and_isomorphism_audit.py,ageoa/sklearn/calibration_iter7/atoms.py,,,CDG type health score is 0.525
ageoa.sklearn.calibration_iter7.fit_calibrated_model_and_derive_metadata_contracts@ageoa/sklearn/calibration_iter7/atoms.py:66,sklearn/calibration_iter7:fit_calibrated_model_and_derive_metadata_contracts,STRUCT_CDG_TYPE_NON_NORMALIZED,warning,type_and_isomorphism_audit.py,ageoa/sklearn/calibration_iter7/atoms.py,,,CDG has 19 non-normalizable type descriptors
ageoa.sklearn.calibration_iter7.fit_calibrated_model_and_derive_metadata_contracts@ageoa/sklearn/calibration_iter7/atoms.py:66,sklearn/calibration_iter7:fit_calibrated_model_and_derive_metadata_contracts,STRUCT_PUBLIC_KWARGS,warning,audit.py,ageoa/sklearn/calibration_iter7/atoms.py,,,fit_calibrated_model_and_derive_metadata_contracts: @ensure uses **kwargs instead of named params
ageoa.sklearn.calibration_iter7.fit_calibrated_model_and_derive_metadata_contracts@ageoa/sklearn/calibration_iter7/atoms.py:66,sklearn/calibration_iter7:fit_calibrated_model_and_derive_metadata_contracts,STRUCT_WEAK_TYPES,warning,manifest_heuristics,ageoa/sklearn/calibration_iter7/atoms.py,,,Weak public type annotations detected
ageoa.sklearn.calibration_iter7.infer_calibrated_probabilities_and_class_labels@ageoa/sklearn/calibration_iter7/atoms.py:107,sklearn/calibration_iter7:infer_calibrated_probabilities_and_class_labels,STRUCT_CDG_TYPE_HEALTH_LOW,warning,type_and_isomorphism_audit.py,ageoa/sklearn/calibration_iter7/atoms.py,,,CDG type health score is 0.525
ageoa.sklearn.calibration_iter7.infer_calibrated_probabilities_and_class_labels@ageoa/sklearn/calibration_iter7/atoms.py:107,sklearn/calibration_iter7:infer_calibrated_probabilities_and_class_labels,STRUCT_CDG_TYPE_NON_NORMALIZED,warning,type_and_isomorphism_audit.py,ageoa/sklearn/calibration_iter7/atoms.py,,,CDG has 19 non-normalizable type descriptors
ageoa.sklearn.calibration_iter7.infer_calibrated_probabilities_and_class_labels@ageoa/sklearn/calibration_iter7/atoms.py:107,sklearn/calibration_iter7:infer_calibrated_probabilities_and_class_labels,STRUCT_PUBLIC_KWARGS,warning,audit.py,ageoa/sklearn/calibration_iter7/atoms.py,,,infer_calibrated_probabilities_and_class_labels: @ensure uses **kwargs instead of named params
ageoa.sklearn.calibration_iter7.infer_calibrated_probabilities_and_class_labels@ageoa/sklearn/calibration_iter7/atoms.py:107,sklearn/calibration_iter7:infer_calibrated_probabilities_and_class_labels,STRUCT_WEAK_TYPES,warning,manifest_heuristics,ageoa/sklearn/calibration_iter7/atoms.py,,,Weak public type annotations detected
ageoa.sklearn.calibration_iter7.initialize_calibration_configuration@ageoa/sklearn/calibration_iter7/atoms.py:30,sklearn/calibration_iter7:initialize_calibration_configuration,STRUCT_CDG_TYPE_HEALTH_LOW,warning,type_and_isomorphism_audit.py,ageoa/sklearn/calibration_iter7/atoms.py,,,CDG type health score is 0.525
ageoa.sklearn.calibration_iter7.initialize_calibration_configuration@ageoa/sklearn/calibration_iter7/atoms.py:30,sklearn/calibration_iter7:initialize_calibration_configuration,STRUCT_CDG_TYPE_NON_NORMALIZED,warning,type_and_isomorphism_audit.py,ageoa/sklearn/calibration_iter7/atoms.py,,,CDG has 19 non-normalizable type descriptors
ageoa.sklearn.calibration_iter7.initialize_calibration_configuration@ageoa/sklearn/calibration_iter7/atoms.py:30,sklearn/calibration_iter7:initialize_calibration_configuration,STRUCT_PUBLIC_KWARGS,warning,audit.py,ageoa/sklearn/calibration_iter7/atoms.py,,,initialize_calibration_configuration: @ensure uses **kwargs instead of named params
ageoa.sklearn.calibration_iter7.initialize_calibration_configuration@ageoa/sklearn/calibration_iter7/atoms.py:30,sklearn/calibration_iter7:initialize_calibration_configuration,STRUCT_WEAK_TYPES,warning,manifest_heuristics,ageoa/sklearn/calibration_iter7/atoms.py,,,Weak public type annotations detected
ageoa.sklearn.calibration_iter8.fit_calibrated_ensemble_and_expose_metadata@ageoa/sklearn/calibration_iter8/atoms.py:66,sklearn/calibration_iter8:fit_calibrated_ensemble_and_expose_metadata,STRUCT_CDG_TYPE_HEALTH_LOW,warning,type_and_isomorphism_audit.py,ageoa/sklearn/calibration_iter8/atoms.py,,,CDG type health score is 0.767
ageoa.sklearn.calibration_iter8.fit_calibrated_ensemble_and_expose_metadata@ageoa/sklearn/calibration_iter8/atoms.py:66,sklearn/calibration_iter8:fit_calibrated_ensemble_and_expose_metadata,STRUCT_CDG_TYPE_NON_NORMALIZED,warning,type_and_isomorphism_audit.py,ageoa/sklearn/calibration_iter8/atoms.py,,,CDG has 10 non-normalizable type descriptors
ageoa.sklearn.calibration_iter8.fit_calibrated_ensemble_and_expose_metadata@ageoa/sklearn/calibration_iter8/atoms.py:66,sklearn/calibration_iter8:fit_calibrated_ensemble_and_expose_metadata,STRUCT_PUBLIC_KWARGS,warning,audit.py,ageoa/sklearn/calibration_iter8/atoms.py,,,fit_calibrated_ensemble_and_expose_metadata: @ensure uses **kwargs instead of named params
ageoa.sklearn.calibration_iter8.fit_calibrated_ensemble_and_expose_metadata@ageoa/sklearn/calibration_iter8/atoms.py:66,sklearn/calibration_iter8:fit_calibrated_ensemble_and_expose_metadata,STRUCT_WEAK_TYPES,warning,manifest_heuristics,ageoa/sklearn/calibration_iter8/atoms.py,,,Weak public type annotations detected
ageoa.sklearn.calibration_iter8.initialize_calibration_state@ageoa/sklearn/calibration_iter8/atoms.py:30,sklearn/calibration_iter8:initialize_calibration_state,STRUCT_CDG_TYPE_HEALTH_LOW,warning,type_and_isomorphism_audit.py,ageoa/sklearn/calibration_iter8/atoms.py,,,CDG type health score is 0.767
ageoa.sklearn.calibration_iter8.initialize_calibration_state@ageoa/sklearn/calibration_iter8/atoms.py:30,sklearn/calibration_iter8:initialize_calibration_state,STRUCT_CDG_TYPE_NON_NORMALIZED,warning,type_and_isomorphism_audit.py,ageoa/sklearn/calibration_iter8/atoms.py,,,CDG has 10 non-normalizable type descriptors
ageoa.sklearn.calibration_iter8.initialize_calibration_state@ageoa/sklearn/calibration_iter8/atoms.py:30,sklearn/calibration_iter8:initialize_calibration_state,STRUCT_PUBLIC_KWARGS,warning,audit.py,ageoa/sklearn/calibration_iter8/atoms.py,,,initialize_calibration_state: @ensure uses **kwargs instead of named params
ageoa.sklearn.calibration_iter8.initialize_calibration_state@ageoa/sklearn/calibration_iter8/atoms.py:30,sklearn/calibration_iter8:initialize_calibration_state,STRUCT_WEAK_TYPES,warning,manifest_heuristics,ageoa/sklearn/calibration_iter8/atoms.py,,,Weak public type annotations detected
ageoa.sklearn.calibration_iter8.run_calibrated_inference@ageoa/sklearn/calibration_iter8/atoms.py:107,sklearn/calibration_iter8:run_calibrated_inference,STRUCT_CDG_TYPE_HEALTH_LOW,warning,type_and_isomorphism_audit.py,ageoa/sklearn/calibration_iter8/atoms.py,,,CDG type health score is 0.767
ageoa.sklearn.calibration_iter8.run_calibrated_inference@ageoa/sklearn/calibration_iter8/atoms.py:107,sklearn/calibration_iter8:run_calibrated_inference,STRUCT_CDG_TYPE_NON_NORMALIZED,warning,type_and_isomorphism_audit.py,ageoa/sklearn/calibration_iter8/atoms.py,,,CDG has 10 non-normalizable type descriptors
ageoa.sklearn.calibration_iter8.run_calibrated_inference@ageoa/sklearn/calibration_iter8/atoms.py:107,sklearn/calibration_iter8:run_calibrated_inference,STRUCT_PUBLIC_KWARGS,warning,audit.py,ageoa/sklearn/calibration_iter8/atoms.py,,,run_calibrated_inference: @ensure uses **kwargs instead of named params
ageoa.sklearn.calibration_iter8.run_calibrated_inference@ageoa/sklearn/calibration_iter8/atoms.py:107,sklearn/calibration_iter8:run_calibrated_inference,STRUCT_WEAK_TYPES,warning,manifest_heuristics,ageoa/sklearn/calibration_iter8/atoms.py,,,Weak public type annotations detected
ageoa.skyfield.calculate_vector_angle@ageoa/skyfield/atoms.py:37,skyfield:calculate_vector_angle,STRUCT_CDG_TYPE_HEALTH_LOW,warning,type_and_isomorphism_audit.py,ageoa/skyfield/atoms.py,,,CDG type health score is 0.333
ageoa.skyfield.calculate_vector_angle@ageoa/skyfield/atoms.py:37,skyfield:calculate_vector_angle,STRUCT_CDG_TYPE_NON_NORMALIZED,warning,type_and_isomorphism_audit.py,ageoa/skyfield/atoms.py,,,CDG has 4 non-normalizable type descriptors
ageoa.skyfield.compute_spherical_coordinate_rates@ageoa/skyfield/atoms.py:21,skyfield:compute_spherical_coordinate_rates,STRUCT_CDG_TYPE_HEALTH_LOW,warning,type_and_isomorphism_audit.py,ageoa/skyfield/atoms.py,,,CDG type health score is 0.333
ageoa.skyfield.compute_spherical_coordinate_rates@ageoa/skyfield/atoms.py:21,skyfield:compute_spherical_coordinate_rates,STRUCT_CDG_TYPE_NON_NORMALIZED,warning,type_and_isomorphism_audit.py,ageoa/skyfield/atoms.py,,,CDG has 4 non-normalizable type descriptors
ageoa.tempo.offset_tai2tdb@ageoa/tempo.py:60,tempo:offset_tai2tdb,STRUCT_CDG_MISSING,error,audit.py,ageoa/tempo.py,,,cdg.json not found
ageoa.tempo.offset_tai2tdb@ageoa/tempo.py:60,tempo:offset_tai2tdb,STRUCT_STUB_PUBLIC_API,error,manifest_heuristics,ageoa/tempo.py,,,Public atom raises NotImplementedError
ageoa.tempo.offset_tai2tdb@ageoa/tempo.py:60,tempo:offset_tai2tdb,STRUCT_ENSURE_MISSING,warning,audit.py,ageoa/tempo.py,,,offset_tai2tdb: missing @icontract.ensure
ageoa.tempo.offset_tai2tdb@ageoa/tempo.py:60,tempo:offset_tai2tdb,STRUCT_REQUIRE_MISSING,warning,audit.py,ageoa/tempo.py,,,offset_tai2tdb: missing @icontract.require
ageoa.tempo.offset_tai2tdb@ageoa/tempo.py:60,tempo:offset_tai2tdb,STRUCT_WEAK_TYPES,warning,manifest_heuristics,ageoa/tempo.py,,,Weak public type annotations detected
ageoa.tempo.offset_tai2tdb@ageoa/tempo.py:60,tempo:offset_tai2tdb,STRUCT_WEAK_TYPES,warning,audit.py,ageoa/tempo.py,,,offset_tai2tdb: param 'seconds' annotated as Any
ageoa.tempo.offset_tai2tdb@ageoa/tempo.py:60,tempo:offset_tai2tdb,STRUCT_WEAK_TYPES,warning,audit.py,ageoa/tempo.py,,,offset_tai2tdb: return type is Any
ageoa.tempo.offset_tt2tdb@ageoa/tempo.py:30,tempo:offset_tt2tdb,STRUCT_CDG_MISSING,error,audit.py,ageoa/tempo.py,,,cdg.json not found
ageoa.tempo.offset_tt2tdb@ageoa/tempo.py:30,tempo:offset_tt2tdb,STRUCT_STUB_PUBLIC_API,error,manifest_heuristics,ageoa/tempo.py,,,Public atom raises NotImplementedError
ageoa.tempo.offset_tt2tdb@ageoa/tempo.py:30,tempo:offset_tt2tdb,STRUCT_ENSURE_MISSING,warning,audit.py,ageoa/tempo.py,,,offset_tt2tdb: missing @icontract.ensure
ageoa.tempo.offset_tt2tdb@ageoa/tempo.py:30,tempo:offset_tt2tdb,STRUCT_REQUIRE_MISSING,warning,audit.py,ageoa/tempo.py,,,offset_tt2tdb: missing @icontract.require
ageoa.tempo.offset_tt2tdb@ageoa/tempo.py:30,tempo:offset_tt2tdb,STRUCT_WEAK_TYPES,warning,manifest_heuristics,ageoa/tempo.py,,,Weak public type annotations detected
ageoa.tempo.offset_tt2tdb@ageoa/tempo.py:30,tempo:offset_tt2tdb,STRUCT_WEAK_TYPES,warning,audit.py,ageoa/tempo.py,,,offset_tt2tdb: param 'seconds' annotated as Any
ageoa.tempo.offset_tt2tdb@ageoa/tempo.py:30,tempo:offset_tt2tdb,STRUCT_WEAK_TYPES,warning,audit.py,ageoa/tempo.py,,,offset_tt2tdb: return type is Any
ageoa.tempo_jl.tai2utc_d12.tai_to_utc_inversion@ageoa/tempo_jl/tai2utc_d12/atoms.py:56,tempo_jl/tai2utc_d12:tai_to_utc_inversion,STRUCT_CDG_TYPE_HEALTH_LOW,warning,type_and_isomorphism_audit.py,ageoa/tempo_jl/tai2utc_d12/atoms.py,,,CDG type health score is 0.833
ageoa.tempo_jl.tai2utc_d12.tai_to_utc_inversion@ageoa/tempo_jl/tai2utc_d12/atoms.py:56,tempo_jl/tai2utc_d12:tai_to_utc_inversion,STRUCT_CDG_TYPE_NON_NORMALIZED,warning,type_and_isomorphism_audit.py,ageoa/tempo_jl/tai2utc_d12/atoms.py,,,CDG has 10 non-normalizable type descriptors
ageoa.tempo_jl.tai2utc_d12.utc_to_tai_leap_second_kernel@ageoa/tempo_jl/tai2utc_d12/atoms.py:20,tempo_jl/tai2utc_d12:utc_to_tai_leap_second_kernel,STRUCT_CDG_TYPE_HEALTH_LOW,warning,type_and_isomorphism_audit.py,ageoa/tempo_jl/tai2utc_d12/atoms.py,,,CDG type health score is 0.833
ageoa.tempo_jl.tai2utc_d12.utc_to_tai_leap_second_kernel@ageoa/tempo_jl/tai2utc_d12/atoms.py:20,tempo_jl/tai2utc_d12:utc_to_tai_leap_second_kernel,STRUCT_CDG_TYPE_NON_NORMALIZED,warning,type_and_isomorphism_audit.py,ageoa/tempo_jl/tai2utc_d12/atoms.py,,,CDG has 10 non-normalizable type descriptors
